"trait","Geno_Code","pop","value","top_bottom_label"
"CL-blue","Z001E0064",1,96.97,"bottom"
"CL-blue","Z001E0124",1,100.88999999999999,"bottom"
"CL-blue","Z001E0100",1,104.55,"bottom"
"CL-blue","Z001E0199",1,105.85,"bottom"
"CL-blue","Z001E0027",1,112.4,"bottom"
"CL-blue","Z001E0065",1,113.17,"bottom"
"CL-blue","Z001E0088",1,113.28,"bottom"
"CL-blue","Z001E0091",1,113.89,"bottom"
"CL-blue","Z001E0190",1,113.97,"bottom"
"CL-blue","Z001E0016",1,114.15,"bottom"
"CL-blue","Z001E0059",1,114.16,"bottom"
"CL-blue","Z001E0148",1,114.76,"bottom"
"CL-blue","Z001E0018",1,114.85,"bottom"
"CL-blue","Z001E0007",1,114.89,"bottom"
"CL-blue","Z001E0175",1,115.49,"bottom"
"CL-blue","Z001E0108",1,116.05,"bottom"
"CL-blue","Z001E0169",1,116.78,"bottom"
"CL-blue","Z001E0154",1,118.16,"bottom"
"CL-blue","Z001E0170",1,118.36,"bottom"
"CL-blue","Z001E0017",1,144.29,"top"
"CL-blue","Z001E0196",1,144.32,"top"
"CL-blue","Z001E0048",1,144.72,"top"
"CL-blue","Z001E0192",1,145.04,"top"
"CL-blue","Z001E0102",1,145.07,"top"
"CL-blue","Z001E0030",1,145.08,"top"
"CL-blue","Z001E0022",1,145.58,"top"
"CL-blue","Z001E0181",1,145.81,"top"
"CL-blue","Z001E0078",1,146,"top"
"CL-blue","Z001E0182",1,146.24,"top"
"CL-blue","Z001E0107",1,146.39,"top"
"CL-blue","Z001E0056",1,146.9,"top"
"CL-blue","Z001E0156",1,147.18,"top"
"CL-blue","Z001E0185",1,148.93,"top"
"CL-blue","Z001E0144",1,149.49,"top"
"CL-blue","Z001E0135",1,152.37,"top"
"CL-blue","Z001E0057",1,159.14,"top"
"CL-blue","Z001E0131",1,167.38,"top"
"CL-blue","Z002E0060",2,91.68,"bottom"
"CL-blue","Z002E0113",2,103.79000000000002,"bottom"
"CL-blue","Z002E0072",2,108.45,"bottom"
"CL-blue","Z002E0036",2,110.13,"bottom"
"CL-blue","Z002E0042",2,112.24,"bottom"
"CL-blue","Z002E0057",2,112.42,"bottom"
"CL-blue","Z002E0049",2,112.82,"bottom"
"CL-blue","Z002E0193",2,112.95,"bottom"
"CL-blue","Z002E0044",2,116.67,"bottom"
"CL-blue","Z002E0051",2,117.32,"bottom"
"CL-blue","Z002E0101",2,117.49,"bottom"
"CL-blue","Z002E0179",2,117.8,"bottom"
"CL-blue","Z002E0162",2,118.08,"bottom"
"CL-blue","Z002E0136",2,118.24,"bottom"
"CL-blue","Z002E0050",2,118.72,"bottom"
"CL-blue","Z002E0125",2,119.01,"bottom"
"CL-blue","Z002E0133",2,119.54,"bottom"
"CL-blue","Z002E0194",2,119.64,"bottom"
"CL-blue","Z002E0139",2,150.85,"top"
"CL-blue","Z002E0076",2,151.49,"top"
"CL-blue","Z002E0007",2,151.66,"top"
"CL-blue","Z002E0023",2,152.19,"top"
"CL-blue","Z002E0172",2,152.78,"top"
"CL-blue","Z002E0053",2,152.82,"top"
"CL-blue","Z002E0019",2,152.84,"top"
"CL-blue","Z002E0151",2,153.15,"top"
"CL-blue","Z002E0156",2,153.66,"top"
"CL-blue","Z002E0080",2,154.79,"top"
"CL-blue","Z002E0086",2,154.86,"top"
"CL-blue","Z002E0081",2,155.07,"top"
"CL-blue","Z002E0175",2,156.95,"top"
"CL-blue","Z002E0030",2,157.11,"top"
"CL-blue","Z002E0145",2,159.05,"top"
"CL-blue","Z002E0187",2,160.17,"top"
"CL-blue","Z002E0112",2,162.71,"top"
"CL-blue","Z003E0185",3,108.58,"bottom"
"CL-blue","Z003E0016",3,109.78,"bottom"
"CL-blue","Z003E0100",3,113.5,"bottom"
"CL-blue","Z003E0087",3,113.56,"bottom"
"CL-blue","Z003E0027",3,114.52,"bottom"
"CL-blue","Z003E0101",3,117.46,"bottom"
"CL-blue","Z003E0024",3,117.81,"bottom"
"CL-blue","Z003E0047",3,118.98,"bottom"
"CL-blue","Z003E0002",3,119.67,"bottom"
"CL-blue","Z003E0058",3,119.87,"bottom"
"CL-blue","Z003E0042",3,120.05,"bottom"
"CL-blue","Z003E0168",3,120.95,"bottom"
"CL-blue","Z003E0084",3,121.09,"bottom"
"CL-blue","Z003E0068",3,121.13,"bottom"
"CL-blue","Z003E0032",3,121.8,"bottom"
"CL-blue","Z003E0103",3,122.22,"bottom"
"CL-blue","Z003E0022",3,122.29,"bottom"
"CL-blue","Z003E0144",3,122.82,"bottom"
"CL-blue","Z003E0172",3,154.79,"top"
"CL-blue","Z003E0161",3,155.29,"top"
"CL-blue","Z003E0001",3,155.66,"top"
"CL-blue","Z003E0089",3,155.67,"top"
"CL-blue","Z003E0171",3,155.97,"top"
"CL-blue","Z003E0044",3,157.28,"top"
"CL-blue","Z003E0145",3,157.98,"top"
"CL-blue","Z003E0192",3,158.56,"top"
"CL-blue","Z003E0105",3,158.91,"top"
"CL-blue","Z003E0131",3,159.2,"top"
"CL-blue","Z003E0152",3,159.46,"top"
"CL-blue","Z003E0051",3,160.79,"top"
"CL-blue","Z003E0138",3,160.97,"top"
"CL-blue","Z003E0014",3,161.39,"top"
"CL-blue","Z003E0050",3,163.39,"top"
"CL-blue","Z003E0174",3,169.27,"top"
"CL-blue","Z003E0140",3,180.74,"top"
"CL-blue","Z004E0171",4,98.74,"bottom"
"CL-blue","Z004E0045",4,98.99,"bottom"
"CL-blue","Z004E0085",4,102.36,"bottom"
"CL-blue","Z004E0101",4,102.99,"bottom"
"CL-blue","Z004E0110",4,103.29,"bottom"
"CL-blue","Z004E0019",4,106.02,"bottom"
"CL-blue","Z004E0131",4,108.08,"bottom"
"CL-blue","Z004E0107",4,108.29,"bottom"
"CL-blue","Z004E0071",4,108.36,"bottom"
"CL-blue","Z004E0165",4,109.48,"bottom"
"CL-blue","Z004E0082",4,109.62,"bottom"
"CL-blue","Z004E0099",4,110.34,"bottom"
"CL-blue","Z004E0134",4,110.42,"bottom"
"CL-blue","Z004E0179",4,110.42,"bottom"
"CL-blue","Z004E0126",4,110.77,"bottom"
"CL-blue","Z004E0167",4,110.82,"bottom"
"CL-blue","Z004E0081",4,111.46,"bottom"
"CL-blue","Z004E0066",4,112.18,"bottom"
"CL-blue","Z004E0173",4,112.25,"bottom"
"CL-blue","Z004E0170",4,137.29,"top"
"CL-blue","Z004E0153",4,137.61,"top"
"CL-blue","Z004E0166",4,137.91,"top"
"CL-blue","Z004E0098",4,138.25,"top"
"CL-blue","Z004E0148",4,138.62,"top"
"CL-blue","Z004E0013",4,139.03,"top"
"CL-blue","Z004E0115",4,139.72,"top"
"CL-blue","Z004E0028",4,141.3,"top"
"CL-blue","Z004E0159",4,143.68,"top"
"CL-blue","Z004E0043",4,144.48,"top"
"CL-blue","Z004E0187",4,145.4,"top"
"CL-blue","Z004E0012",4,145.53,"top"
"CL-blue","Z004E0010",4,148.97,"top"
"CL-blue","Z004E0023",4,149.03,"top"
"CL-blue","Z004E0083",4,149.16,"top"
"CL-blue","Z004E0059",4,149.49,"top"
"CL-blue","Z004E0054",4,151.93,"top"
"CL-blue","Z004E0117",4,155.72,"top"
"CL-blue","Z005E0059",5,91.34,"bottom"
"CL-blue","Z005E0066",5,97.15,"bottom"
"CL-blue","Z005E0152",5,97.16,"bottom"
"CL-blue","Z005E0055",5,102.65,"bottom"
"CL-blue","Z005E0006",5,103.58,"bottom"
"CL-blue","Z005E0058",5,103.92,"bottom"
"CL-blue","Z005E0191",5,103.98,"bottom"
"CL-blue","Z005E0113",5,105.34,"bottom"
"CL-blue","Z005E0077",5,105.76,"bottom"
"CL-blue","Z005E0163",5,105.85,"bottom"
"CL-blue","Z005E0070",5,106.19,"bottom"
"CL-blue","Z005E0008",5,107.06,"bottom"
"CL-blue","Z005E0045",5,107.29,"bottom"
"CL-blue","Z005E0100",5,108.32,"bottom"
"CL-blue","Z005E0076",5,108.81,"bottom"
"CL-blue","Z005E0192",5,109.22,"bottom"
"CL-blue","Z005E0098",5,109.4,"bottom"
"CL-blue","Z005E0130",5,109.46,"bottom"
"CL-blue","Z005E0097",5,139.4,"top"
"CL-blue","Z005E0013",5,139.49,"top"
"CL-blue","Z005E0069",5,139.53,"top"
"CL-blue","Z005E0146",5,139.64,"top"
"CL-blue","Z005E0144",5,139.89,"top"
"CL-blue","Z005E0108",5,140.51,"top"
"CL-blue","Z005E0057",5,140.54,"top"
"CL-blue","Z005E0159",5,141.16,"top"
"CL-blue","Z005E0173",5,141.46,"top"
"CL-blue","Z005E0080",5,143.03,"top"
"CL-blue","Z005E0047",5,144.8,"top"
"CL-blue","Z005E0172",5,149.82,"top"
"CL-blue","Z005E0133",5,150.52,"top"
"CL-blue","Z005E0197",5,150.84,"top"
"CL-blue","Z005E0001",5,150.85,"top"
"CL-blue","Z005E0014",5,153.24000000000004,"top"
"CL-blue","Z005E0068",5,155.28,"top"
"CL-blue","Z006E0140",6,96.03,"bottom"
"CL-blue","Z006E0078",6,102.11,"bottom"
"CL-blue","Z006E0069",6,103.69,"bottom"
"CL-blue","Z006E0101",6,103.86,"bottom"
"CL-blue","Z006E0183",6,104.49,"bottom"
"CL-blue","Z006E0017",6,104.85,"bottom"
"CL-blue","Z006E0012",6,105.5,"bottom"
"CL-blue","Z006E0008",6,105.9,"bottom"
"CL-blue","Z006E0122",6,106.43,"bottom"
"CL-blue","Z006E0151",6,109.91,"bottom"
"CL-blue","Z006E0085",6,109.94,"bottom"
"CL-blue","Z006E0119",6,110.17,"bottom"
"CL-blue","Z006E0093",6,110.63,"bottom"
"CL-blue","Z006E0164",6,111.33,"bottom"
"CL-blue","Z006E0014",6,111.96,"bottom"
"CL-blue","Z006E0043",6,112.29,"bottom"
"CL-blue","Z006E0007",6,112.33,"bottom"
"CL-blue","Z006E0135",6,139.75,"top"
"CL-blue","Z006E0112",6,140.2,"top"
"CL-blue","Z006E0194",6,140.7,"top"
"CL-blue","Z006E0077",6,140.8,"top"
"CL-blue","Z006E0173",6,140.84,"top"
"CL-blue","Z006E0157",6,141.57,"top"
"CL-blue","Z006E0123",6,141.89,"top"
"CL-blue","Z006E0118",6,143.06,"top"
"CL-blue","Z006E0180",6,143.47,"top"
"CL-blue","Z006E0002",6,144.87,"top"
"CL-blue","Z006E0035",6,145.54,"top"
"CL-blue","Z006E0149",6,146.15,"top"
"CL-blue","Z006E0145",6,149.53,"top"
"CL-blue","Z006E0028",6,150.55,"top"
"CL-blue","Z006E0146",6,152.49,"top"
"CL-blue","Z006E0150",6,154.09,"top"
"CL-blue","Z006E0178",6,154.88,"top"
"CL-blue","Z007E0125",7,107.18,"bottom"
"CL-blue","Z007E0128",7,107.44,"bottom"
"CL-blue","Z007E0008",7,107.95,"bottom"
"CL-blue","Z007E0017",7,108.52,"bottom"
"CL-blue","Z007E0104",7,111.86,"bottom"
"CL-blue","Z007E0088",7,112.15,"bottom"
"CL-blue","Z007E0116",7,112.21,"bottom"
"CL-blue","Z007E0157",7,112.33,"bottom"
"CL-blue","Z007E0034",7,112.43,"bottom"
"CL-blue","Z007E0100",7,112.67,"bottom"
"CL-blue","Z007E0180",7,113.36,"bottom"
"CL-blue","Z007E0141",7,113.81,"bottom"
"CL-blue","Z007E0140",7,114.2,"bottom"
"CL-blue","Z007E0164",7,114.31,"bottom"
"CL-blue","Z007E0056",7,114.42,"bottom"
"CL-blue","Z007E0005",7,114.99,"bottom"
"CL-blue","Z007E0109",7,115.27,"bottom"
"CL-blue","Z007E0197",7,115.36,"bottom"
"CL-blue","Z007E0009",7,147.33,"top"
"CL-blue","Z007E0043",7,148.01,"top"
"CL-blue","Z007E0091",7,148.59,"top"
"CL-blue","Z007E0025",7,149.08,"top"
"CL-blue","Z007E0045",7,149.77,"top"
"CL-blue","Z007E0177",7,149.95,"top"
"CL-blue","Z007E0021",7,151.1,"top"
"CL-blue","Z007E0062",7,151.92,"top"
"CL-blue","Z007E0129",7,152.42,"top"
"CL-blue","Z007E0053",7,152.46,"top"
"CL-blue","Z007E0119",7,153.1,"top"
"CL-blue","Z007E0174",7,153.17,"top"
"CL-blue","Z007E0175",7,153.18,"top"
"CL-blue","Z007E0167",7,153.89,"top"
"CL-blue","Z007E0064",7,156.57,"top"
"CL-blue","Z007E0134",7,160.8,"top"
"CL-blue","Z007E0148",7,161.35,"top"
"CL-blue","Z007E0171",7,175.11,"top"
"CL-blue","Z008E0046",8,96.9,"bottom"
"CL-blue","Z008E0200",8,98.95,"bottom"
"CL-blue","Z008E0160",8,101,"bottom"
"CL-blue","Z008E0109",8,101.13,"bottom"
"CL-blue","Z008E0065",8,102.21,"bottom"
"CL-blue","Z008E0025",8,102.33999999999999,"bottom"
"CL-blue","Z008E0105",8,103.14,"bottom"
"CL-blue","Z008E0192",8,104.02999999999999,"bottom"
"CL-blue","Z008E0026",8,104.53,"bottom"
"CL-blue","Z008E0153",8,104.61,"bottom"
"CL-blue","Z008E0094",8,105.18,"bottom"
"CL-blue","Z008E0110",8,105.92,"bottom"
"CL-blue","Z008E0198",8,107.62,"bottom"
"CL-blue","Z008E0133",8,108.45,"bottom"
"CL-blue","Z008E0148",8,108.47,"bottom"
"CL-blue","Z008E0031",8,109.48,"bottom"
"CL-blue","Z008E0101",8,109.54,"bottom"
"CL-blue","Z008E0052",8,109.84,"bottom"
"CL-blue","Z008E0019",8,139.15,"top"
"CL-blue","Z008E0142",8,139.71,"top"
"CL-blue","Z008E0042",8,140.04,"top"
"CL-blue","Z008E0068",8,140.36,"top"
"CL-blue","Z008E0009",8,140.54,"top"
"CL-blue","Z008E0182",8,140.67,"top"
"CL-blue","Z008E0040",8,140.88,"top"
"CL-blue","Z008E0005",8,141.33,"top"
"CL-blue","Z008E0112",8,141.7,"top"
"CL-blue","Z008E0165",8,142.38,"top"
"CL-blue","Z008E0059",8,142.39,"top"
"CL-blue","Z008E0010",8,143.12,"top"
"CL-blue","Z008E0120",8,145.65,"top"
"CL-blue","Z008E0080",8,146.49,"top"
"CL-blue","Z008E0158",8,150.55,"top"
"CL-blue","Z008E0083",8,152.91,"top"
"CL-blue","Z008E0170",8,161.32,"top"
"CL-blue","Z009E0097",9,99.13,"bottom"
"CL-blue","Z009E0122",9,103.31,"bottom"
"CL-blue","Z009E0082",9,103.94,"bottom"
"CL-blue","Z009E0038",9,104.59,"bottom"
"CL-blue","Z009E0181",9,105.19,"bottom"
"CL-blue","Z009E0093",9,106.09,"bottom"
"CL-blue","Z009E0078",9,107.77,"bottom"
"CL-blue","Z009E0112",9,109.78,"bottom"
"CL-blue","Z009E0096",9,110.19,"bottom"
"CL-blue","Z009E0117",9,110.54,"bottom"
"CL-blue","Z009E0080",9,110.73,"bottom"
"CL-blue","Z009E0094",9,112.66,"bottom"
"CL-blue","Z009E0107",9,113.68,"bottom"
"CL-blue","Z009E0039",9,114.46,"bottom"
"CL-blue","Z009E0060",9,114.86,"bottom"
"CL-blue","Z009E0050",9,115.55,"bottom"
"CL-blue","Z009E0177",9,115.7,"bottom"
"CL-blue","Z009E0042",9,115.75,"bottom"
"CL-blue","Z009E0149",9,146.74,"top"
"CL-blue","Z009E0068",9,146.75,"top"
"CL-blue","Z009E0045",9,147.63,"top"
"CL-blue","Z009E0113",9,148.15,"top"
"CL-blue","Z009E0152",9,148.62,"top"
"CL-blue","Z009E0033",9,148.64,"top"
"CL-blue","Z009E0061",9,149.16,"top"
"CL-blue","Z009E0049",9,149.27,"top"
"CL-blue","Z009E0132",9,151.1,"top"
"CL-blue","Z009E0146",9,151.58,"top"
"CL-blue","Z009E0190",9,152.43,"top"
"CL-blue","Z009E0010",9,152.71,"top"
"CL-blue","Z009E0086",9,153.34,"top"
"CL-blue","Z009E0165",9,155.71,"top"
"CL-blue","Z009E0028",9,157.55,"top"
"CL-blue","Z009E0144",9,157.86,"top"
"CL-blue","Z009E0161",9,178.67,"top"
"CL-blue","Z010E0049",10,97.74,"bottom"
"CL-blue","Z010E0151",10,99.08,"bottom"
"CL-blue","Z010E0066",10,100.42,"bottom"
"CL-blue","Z010E0082",10,102.5,"bottom"
"CL-blue","Z010E0155",10,104.13,"bottom"
"CL-blue","Z010E0180",10,105.37,"bottom"
"CL-blue","Z010E0081",10,105.81,"bottom"
"CL-blue","Z010E0021",10,108.22,"bottom"
"CL-blue","Z010E0009",10,108.3,"bottom"
"CL-blue","Z010E0107",10,108.43,"bottom"
"CL-blue","Z010E0028",10,109.46,"bottom"
"CL-blue","Z010E0129",10,109.84,"bottom"
"CL-blue","Z010E0126",10,110.48,"bottom"
"CL-blue","Z010E0087",10,110.73,"bottom"
"CL-blue","Z010E0105",10,110.76,"bottom"
"CL-blue","Z010E0098",10,110.91,"bottom"
"CL-blue","Z010E0190",10,111.27,"bottom"
"CL-blue","Z010E0184",10,111.41,"bottom"
"CL-blue","Z010E0055",10,143.75,"top"
"CL-blue","Z010E0043",10,144.58,"top"
"CL-blue","Z010E0138",10,144.62,"top"
"CL-blue","Z010E0003",10,146.65,"top"
"CL-blue","Z010E0124",10,146.83,"top"
"CL-blue","Z010E0136",10,147.79,"top"
"CL-blue","Z010E0083",10,149.49,"top"
"CL-blue","Z010E0029",10,152.4,"top"
"CL-blue","Z010E0170",10,152.74,"top"
"CL-blue","Z010E0036",10,154.67,"top"
"CL-blue","Z010E0110",10,156.39,"top"
"CL-blue","Z010E0061",10,156.52,"top"
"CL-blue","Z010E0034",10,157.47,"top"
"CL-blue","Z010E0069",10,159.86,"top"
"CL-blue","Z010E0173",10,160.24,"top"
"CL-blue","Z010E0194",10,162.09,"top"
"CL-blue","Z010E0191",10,163.08,"top"
"CL-blue","Z011E0112",11,91.09,"bottom"
"CL-blue","Z011E0141",11,92.84,"bottom"
"CL-blue","Z011E0144",11,92.98,"bottom"
"CL-blue","Z011E0174",11,94.11,"bottom"
"CL-blue","Z011E0044",11,94.45,"bottom"
"CL-blue","Z011E0082",11,96.32,"bottom"
"CL-blue","Z011E0139",11,96.86,"bottom"
"CL-blue","Z011E0142",11,97.39,"bottom"
"CL-blue","Z011E0090",11,100.88,"bottom"
"CL-blue","Z011E0167",11,101.34,"bottom"
"CL-blue","Z011E0050",11,102.03,"bottom"
"CL-blue","Z011E0158",11,102.05,"bottom"
"CL-blue","Z011E0064",11,102.39,"bottom"
"CL-blue","Z011E0091",11,102.45,"bottom"
"CL-blue","Z011E0128",11,102.48,"bottom"
"CL-blue","Z011E0152",11,102.83,"bottom"
"CL-blue","Z011E0181",11,103.26,"bottom"
"CL-blue","Z011E0195",11,103.61,"bottom"
"CL-blue","Z011E0129",11,103.82,"bottom"
"CL-blue","Z011E0019",11,132.91,"top"
"CL-blue","Z011E0185",11,134.26,"top"
"CL-blue","Z011E0157",11,134.67,"top"
"CL-blue","Z011E0134",11,135,"top"
"CL-blue","Z011E0045",11,135.28,"top"
"CL-blue","Z011E0147",11,135.35,"top"
"CL-blue","Z011E0071",11,136.66,"top"
"CL-blue","Z011E0034",11,137.25,"top"
"CL-blue","Z011E0125",11,137.45,"top"
"CL-blue","Z011E0143",11,138.1,"top"
"CL-blue","Z011E0146",11,138.93,"top"
"CL-blue","Z011E0033",11,139.2,"top"
"CL-blue","Z011E0182",11,141.04,"top"
"CL-blue","Z011E0037",11,142.71,"top"
"CL-blue","Z011E0032",11,144.17,"top"
"CL-blue","Z011E0166",11,144.71,"top"
"CL-blue","Z011E0135",11,144.75,"top"
"CL-blue","Z011E0138",11,147.22,"top"
"CL-blue","Z012E0019",12,100.59,"bottom"
"CL-blue","Z012E0121",12,108.35,"bottom"
"CL-blue","Z012E0125",12,108.59,"bottom"
"CL-blue","Z012E0035",12,111.21,"bottom"
"CL-blue","Z012E0028",12,112.21,"bottom"
"CL-blue","Z012E0097",12,113.26,"bottom"
"CL-blue","Z012E0003",12,113.37,"bottom"
"CL-blue","Z012E0005",12,114.74,"bottom"
"CL-blue","Z012E0038",12,114.76,"bottom"
"CL-blue","Z012E0133",12,114.81,"bottom"
"CL-blue","Z012E0149",12,115.1,"bottom"
"CL-blue","Z012E0040",12,115.79,"bottom"
"CL-blue","Z012E0027",12,116.07,"bottom"
"CL-blue","Z012E0176",12,116.78,"bottom"
"CL-blue","Z012E0020",12,117.83,"bottom"
"CL-blue","Z012E0100",12,118.07,"bottom"
"CL-blue","Z012E0046",12,118.33,"bottom"
"CL-blue","Z012E0078",12,118.88,"bottom"
"CL-blue","Z012E0113",12,147.79,"top"
"CL-blue","Z012E0109",12,148.15,"top"
"CL-blue","Z012E0047",12,149.59,"top"
"CL-blue","Z012E0036",12,149.87,"top"
"CL-blue","Z012E0056",12,150.04,"top"
"CL-blue","Z012E0189",12,150.22,"top"
"CL-blue","Z012E0064",12,150.58,"top"
"CL-blue","Z012E0086",12,150.66,"top"
"CL-blue","Z012E0145",12,151.11,"top"
"CL-blue","Z012E0147",12,152.08,"top"
"CL-blue","Z012E0012",12,152.8,"top"
"CL-blue","Z012E0124",12,153.6,"top"
"CL-blue","Z012E0042",12,157.35,"top"
"CL-blue","Z012E0058",12,158.91,"top"
"CL-blue","Z012E0163",12,162.08,"top"
"CL-blue","Z012E0031",12,162.22,"top"
"CL-blue","Z012E0141",12,165.02,"top"
"CL-blue","Z012E0116",12,168.53,"top"
"CL-blue","Z013E0084",13,94.25,"bottom"
"CL-blue","Z013E0093",13,99.17,"bottom"
"CL-blue","Z013E0004",13,100.47,"bottom"
"CL-blue","Z013E0042",13,102.1,"bottom"
"CL-blue","Z013E0014",13,102.32,"bottom"
"CL-blue","Z013E0059",13,103,"bottom"
"CL-blue","Z013E0126",13,104.23,"bottom"
"CL-blue","Z013E0092",13,105.39,"bottom"
"CL-blue","Z013E0125",13,105.47,"bottom"
"CL-blue","Z013E0119",13,105.9,"bottom"
"CL-blue","Z013E0024",13,106.46,"bottom"
"CL-blue","Z013E0124",13,107.73,"bottom"
"CL-blue","Z013E0089",13,154.55,"top"
"CL-blue","Z013E0105",13,154.57,"top"
"CL-blue","Z013E0127",13,154.67,"top"
"CL-blue","Z013E0002",13,155.25,"top"
"CL-blue","Z013E0118",13,157.27,"top"
"CL-blue","Z013E0018",13,158.11,"top"
"CL-blue","Z013E0113",13,158.44,"top"
"CL-blue","Z013E0071",13,159.29,"top"
"CL-blue","Z013E0003",13,159.58,"top"
"CL-blue","Z013E0109",13,162.65,"top"
"CL-blue","Z013E0067",13,177.33,"top"
"CL-blue","Z014E0188",14,104.33,"bottom"
"CL-blue","Z014E0017",14,105.43,"bottom"
"CL-blue","Z014E0066",14,107.16,"bottom"
"CL-blue","Z014E0088",14,109.85,"bottom"
"CL-blue","Z014E0190",14,113.33,"bottom"
"CL-blue","Z014E0195",14,113.42,"bottom"
"CL-blue","Z014E0185",14,114.41,"bottom"
"CL-blue","Z014E0167",14,115.03,"bottom"
"CL-blue","Z014E0057",14,115.13,"bottom"
"CL-blue","Z014E0112",14,115.23,"bottom"
"CL-blue","Z014E0196",14,115.36,"bottom"
"CL-blue","Z014E0040",14,115.87,"bottom"
"CL-blue","Z014E0101",14,115.91,"bottom"
"CL-blue","Z014E0082",14,116.17,"bottom"
"CL-blue","Z014E0055",14,116.48,"bottom"
"CL-blue","Z014E0019",14,116.95,"bottom"
"CL-blue","Z014E0146",14,116.97,"bottom"
"CL-blue","Z014E0153",14,117.12,"bottom"
"CL-blue","Z014E0072",14,117.37,"bottom"
"CL-blue","Z014E0178",14,149.25,"top"
"CL-blue","Z014E0060",14,150.15,"top"
"CL-blue","Z014E0001",14,151.53,"top"
"CL-blue","Z014E0144",14,152.02999999999997,"top"
"CL-blue","Z014E0140",14,152.62,"top"
"CL-blue","Z014E0010",14,152.67,"top"
"CL-blue","Z014E0085",14,153.15,"top"
"CL-blue","Z014E0150",14,153.23,"top"
"CL-blue","Z014E0156",14,153.53,"top"
"CL-blue","Z014E0070",14,153.65,"top"
"CL-blue","Z014E0069",14,154.19,"top"
"CL-blue","Z014E0002",14,154.66,"top"
"CL-blue","Z014E0029",14,154.92,"top"
"CL-blue","Z014E0113",14,155.42,"top"
"CL-blue","Z014E0007",14,155.85,"top"
"CL-blue","Z014E0009",14,160.04,"top"
"CL-blue","Z014E0034",14,166.4,"top"
"CL-blue","Z014E0025",14,167.29,"top"
"CL-blue","Z015E0007",15,90.01,"bottom"
"CL-blue","Z015E0058",15,96.43,"bottom"
"CL-blue","Z015E0020",15,101.69,"bottom"
"CL-blue","Z015E0076",15,103.03,"bottom"
"CL-blue","Z015E0135",15,103.17,"bottom"
"CL-blue","Z015E0133",15,105.15,"bottom"
"CL-blue","Z015E0151",15,105.73,"bottom"
"CL-blue","Z015E0024",15,106.89,"bottom"
"CL-blue","Z015E0051",15,108.23,"bottom"
"CL-blue","Z015E0077",15,108.87,"bottom"
"CL-blue","Z015E0191",15,109.64,"bottom"
"CL-blue","Z015E0030",15,110.28,"bottom"
"CL-blue","Z015E0200",15,111.5,"bottom"
"CL-blue","Z015E0072",15,111.57,"bottom"
"CL-blue","Z015E0166",15,112.31,"bottom"
"CL-blue","Z015E0113",15,112.57,"bottom"
"CL-blue","Z015E0165",15,112.64,"bottom"
"CL-blue","Z015E0154",15,112.71,"bottom"
"CL-blue","Z015E0148",15,146.79,"top"
"CL-blue","Z015E0039",15,146.88,"top"
"CL-blue","Z015E0073",15,147.45,"top"
"CL-blue","Z015E0004",15,147.47,"top"
"CL-blue","Z015E0193",15,147.58,"top"
"CL-blue","Z015E0008",15,147.72,"top"
"CL-blue","Z015E0109",15,149.52,"top"
"CL-blue","Z015E0130",15,149.71,"top"
"CL-blue","Z015E0074",15,150.1,"top"
"CL-blue","Z015E0052",15,150.51,"top"
"CL-blue","Z015E0127",15,150.86,"top"
"CL-blue","Z015E0086",15,152.72,"top"
"CL-blue","Z015E0173",15,153.06,"top"
"CL-blue","Z015E0176",15,153.58,"top"
"CL-blue","Z015E0095",15,159.94,"top"
"CL-blue","Z015E0035",15,162.09,"top"
"CL-blue","Z015E0016",15,164.87,"top"
"CL-blue","Z016E0024",16,92.67,"bottom"
"CL-blue","Z016E0005",16,94.36999999999999,"bottom"
"CL-blue","Z016E0028",16,107.83,"bottom"
"CL-blue","Z016E0103",16,109.98,"bottom"
"CL-blue","Z016E0115",16,111.42,"bottom"
"CL-blue","Z016E0147",16,111.64,"bottom"
"CL-blue","Z016E0020",16,112.24,"bottom"
"CL-blue","Z016E0034",16,112.55,"bottom"
"CL-blue","Z016E0172",16,113.1,"bottom"
"CL-blue","Z016E0068",16,113.94,"bottom"
"CL-blue","Z016E0176",16,114.19,"bottom"
"CL-blue","Z016E0174",16,114.9,"bottom"
"CL-blue","Z016E0186",16,114.92,"bottom"
"CL-blue","Z016E0009",16,114.93,"bottom"
"CL-blue","Z016E0198",16,115.72,"bottom"
"CL-blue","Z016E0109",16,116.32,"bottom"
"CL-blue","Z016E0136",16,116.76,"bottom"
"CL-blue","Z016E0128",16,117.49,"bottom"
"CL-blue","Z016E0022",16,117.78,"bottom"
"CL-blue","Z016E0092",16,144.96,"top"
"CL-blue","Z016E0102",16,145.49,"top"
"CL-blue","Z016E0093",16,146.59,"top"
"CL-blue","Z016E0064",16,146.68,"top"
"CL-blue","Z016E0185",16,148.74,"top"
"CL-blue","Z016E0089",16,149.04,"top"
"CL-blue","Z016E0129",16,149.49,"top"
"CL-blue","Z016E0152",16,151.08,"top"
"CL-blue","Z016E0144",16,151.46,"top"
"CL-blue","Z016E0058",16,151.99,"top"
"CL-blue","Z016E0016",16,152.04,"top"
"CL-blue","Z016E0040",16,152.18,"top"
"CL-blue","Z016E0043",16,152.8,"top"
"CL-blue","Z016E0056",16,152.85,"top"
"CL-blue","Z016E0082",16,154.68,"top"
"CL-blue","Z016E0049",16,156.8,"top"
"CL-blue","Z016E0076",16,160.25,"top"
"CL-blue","Z016E0033",16,166.37,"top"
"CL-blue","Z018E0117",18,99.09,"bottom"
"CL-blue","Z018E0183",18,100.7,"bottom"
"CL-blue","Z018E0162",18,102.85,"bottom"
"CL-blue","Z018E0111",18,107.29,"bottom"
"CL-blue","Z018E0026",18,107.4,"bottom"
"CL-blue","Z018E0170",18,107.51,"bottom"
"CL-blue","Z018E0097",18,107.79,"bottom"
"CL-blue","Z018E0069",18,107.82,"bottom"
"CL-blue","Z018E0165",18,108.04,"bottom"
"CL-blue","Z018E0051",18,108.1,"bottom"
"CL-blue","Z018E0115",18,108.11,"bottom"
"CL-blue","Z018E0150",18,108.55,"bottom"
"CL-blue","Z018E0114",18,108.85,"bottom"
"CL-blue","Z018E0142",18,109.92,"bottom"
"CL-blue","Z018E0192",18,110.36,"bottom"
"CL-blue","Z018E0180",18,110.67,"bottom"
"CL-blue","Z018E0127",18,112.73,"bottom"
"CL-blue","Z018E0005",18,112.78,"bottom"
"CL-blue","Z018E0028",18,142.49,"top"
"CL-blue","Z018E0057",18,143.02,"top"
"CL-blue","Z018E0053",18,143.48,"top"
"CL-blue","Z018E0075",18,143.79,"top"
"CL-blue","Z018E0081",18,143.88,"top"
"CL-blue","Z018E0144",18,144.05,"top"
"CL-blue","Z018E0148",18,144.29,"top"
"CL-blue","Z018E0070",18,144.72,"top"
"CL-blue","Z018E0014",18,146.33,"top"
"CL-blue","Z018E0085",18,147.35,"top"
"CL-blue","Z018E0065",18,148.07,"top"
"CL-blue","Z018E0009",18,149.35,"top"
"CL-blue","Z018E0119",18,149.38,"top"
"CL-blue","Z018E0068",18,149.91,"top"
"CL-blue","Z018E0050",18,151.42,"top"
"CL-blue","Z018E0190",18,151.68,"top"
"CL-blue","Z018E0018",18,152.67,"top"
"CL-blue","Z018E0113",18,155.37,"top"
"CL-blue","Z019E0144",19,101.96,"bottom"
"CL-blue","Z019E0099",19,106.2,"bottom"
"CL-blue","Z019E0082",19,106.53,"bottom"
"CL-blue","Z019E0074",19,108.19,"bottom"
"CL-blue","Z019E0170",19,110.22,"bottom"
"CL-blue","Z019E0043",19,111.57,"bottom"
"CL-blue","Z019E0101",19,113.63,"bottom"
"CL-blue","Z019E0169",19,114.65,"bottom"
"CL-blue","Z019E0112",19,114.76,"bottom"
"CL-blue","Z019E0098",19,114.97,"bottom"
"CL-blue","Z019E0091",19,115.06,"bottom"
"CL-blue","Z019E0197",19,115.23,"bottom"
"CL-blue","Z019E0161",19,117.01,"bottom"
"CL-blue","Z019E0137",19,117.46,"bottom"
"CL-blue","Z019E0122",19,118.39999999999999,"bottom"
"CL-blue","Z019E0078",19,118.54,"bottom"
"CL-blue","Z019E0190",19,118.54,"bottom"
"CL-blue","Z019E0095",19,118.74,"bottom"
"CL-blue","Z019E0092",19,118.91,"bottom"
"CL-blue","Z019E0149",19,144.69,"top"
"CL-blue","Z019E0029",19,145.38,"top"
"CL-blue","Z019E0188",19,145.42,"top"
"CL-blue","Z019E0084",19,146.32,"top"
"CL-blue","Z019E0113",19,146.65,"top"
"CL-blue","Z019E0198",19,146.78,"top"
"CL-blue","Z019E0033",19,146.82,"top"
"CL-blue","Z019E0019",19,147.28,"top"
"CL-blue","Z019E0041",19,147.75,"top"
"CL-blue","Z019E0002",19,148.55,"top"
"CL-blue","Z019E0178",19,148.76,"top"
"CL-blue","Z019E0011",19,149.18,"top"
"CL-blue","Z019E0009",19,152.17,"top"
"CL-blue","Z019E0140",19,153.57,"top"
"CL-blue","Z019E0155",19,153.96,"top"
"CL-blue","Z019E0045",19,153.97,"top"
"CL-blue","Z019E0023",19,156.3,"top"
"CL-blue","Z019E0184",19,158.73,"top"
"CL-blue","Z020E0097",20,91.75,"bottom"
"CL-blue","Z020E0160",20,92.80000000000001,"bottom"
"CL-blue","Z020E0133",20,94.67,"bottom"
"CL-blue","Z020E0024",20,95.47,"bottom"
"CL-blue","Z020E0040",20,97.27,"bottom"
"CL-blue","Z020E0186",20,98.33,"bottom"
"CL-blue","Z020E0198",20,100.64,"bottom"
"CL-blue","Z020E0157",20,100.65000000000002,"bottom"
"CL-blue","Z020E0002",20,101.73,"bottom"
"CL-blue","Z020E0070",20,102.26,"bottom"
"CL-blue","Z020E0148",20,102.75,"bottom"
"CL-blue","Z020E0159",20,103.72,"bottom"
"CL-blue","Z020E0053",20,103.82,"bottom"
"CL-blue","Z020E0116",20,103.86,"bottom"
"CL-blue","Z020E0080",20,104.46,"bottom"
"CL-blue","Z020E0068",20,104.58,"bottom"
"CL-blue","Z020E0113",20,104.81,"bottom"
"CL-blue","Z020E0141",20,104.86,"bottom"
"CL-blue","Z020E0058",20,139.04,"top"
"CL-blue","Z020E0158",20,139.12,"top"
"CL-blue","Z020E0146",20,139.22,"top"
"CL-blue","Z020E0044",20,139.49,"top"
"CL-blue","Z020E0069",20,139.65,"top"
"CL-blue","Z020E0180",20,140.15,"top"
"CL-blue","Z020E0076",20,140.82,"top"
"CL-blue","Z020E0151",20,141.08,"top"
"CL-blue","Z020E0088",20,142.11,"top"
"CL-blue","Z020E0156",20,143.84,"top"
"CL-blue","Z020E0031",20,143.87,"top"
"CL-blue","Z020E0050",20,144.12,"top"
"CL-blue","Z020E0022",20,144.74,"top"
"CL-blue","Z020E0137",20,145.78,"top"
"CL-blue","Z020E0013",20,146.7,"top"
"CL-blue","Z020E0075",20,146.75,"top"
"CL-blue","Z020E0006",20,148.54,"top"
"CL-blue","Z021E0096",21,101.4,"bottom"
"CL-blue","Z021E0160",21,103.49,"bottom"
"CL-blue","Z021E0114",21,107.64,"bottom"
"CL-blue","Z021E0140",21,108.47,"bottom"
"CL-blue","Z021E0198",21,110.62,"bottom"
"CL-blue","Z021E0029",21,110.93,"bottom"
"CL-blue","Z021E0112",21,111.37,"bottom"
"CL-blue","Z021E0196",21,111.46,"bottom"
"CL-blue","Z021E0192",21,111.74,"bottom"
"CL-blue","Z021E0150",21,112.23,"bottom"
"CL-blue","Z021E0077",21,112.6,"bottom"
"CL-blue","Z021E0129",21,112.69,"bottom"
"CL-blue","Z021E0169",21,113.79,"bottom"
"CL-blue","Z021E0133",21,114.1,"bottom"
"CL-blue","Z021E0148",21,114.61,"bottom"
"CL-blue","Z021E0054",21,114.89,"bottom"
"CL-blue","Z021E0070",21,115.06,"bottom"
"CL-blue","Z021E0157",21,152.29,"top"
"CL-blue","Z021E0177",21,152.58,"top"
"CL-blue","Z021E0187",21,153.44,"top"
"CL-blue","Z021E0166",21,153.9,"top"
"CL-blue","Z021E0081",21,153.94,"top"
"CL-blue","Z021E0131",21,153.99,"top"
"CL-blue","Z021E0194",21,154.47,"top"
"CL-blue","Z021E0060",21,154.64,"top"
"CL-blue","Z021E0153",21,157.53,"top"
"CL-blue","Z021E0190",21,157.66,"top"
"CL-blue","Z021E0006",21,157.82,"top"
"CL-blue","Z021E0181",21,157.82,"top"
"CL-blue","Z021E0162",21,157.86,"top"
"CL-blue","Z021E0065",21,158.29,"top"
"CL-blue","Z021E0084",21,164.98,"top"
"CL-blue","Z021E0071",21,171.26,"top"
"CL-blue","Z022E0030",22,105.54,"bottom"
"CL-blue","Z022E0064",22,113.51,"bottom"
"CL-blue","Z022E0016",22,113.79,"bottom"
"CL-blue","Z022E0046",22,114.25,"bottom"
"CL-blue","Z022E0028",22,115.6,"bottom"
"CL-blue","Z022E0119",22,115.78,"bottom"
"CL-blue","Z022E0017",22,116.75,"bottom"
"CL-blue","Z022E0084",22,118.37,"bottom"
"CL-blue","Z022E0200",22,118.44,"bottom"
"CL-blue","Z022E0087",22,119.2,"bottom"
"CL-blue","Z022E0173",22,121.84,"bottom"
"CL-blue","Z022E0090",22,122.06,"bottom"
"CL-blue","Z022E0136",22,122.43,"bottom"
"CL-blue","Z022E0056",22,122.56,"bottom"
"CL-blue","Z022E0027",22,123.45,"bottom"
"CL-blue","Z022E0199",22,124.09,"bottom"
"CL-blue","Z022E0182",22,124.39,"bottom"
"CL-blue","Z022E0033",22,124.59,"bottom"
"CL-blue","Z022E0177",22,125.71,"bottom"
"CL-blue","Z022E0012",22,155.17000000000002,"top"
"CL-blue","Z022E0149",22,155.7,"top"
"CL-blue","Z022E0155",22,156.02,"top"
"CL-blue","Z022E0113",22,157.45,"top"
"CL-blue","Z022E0061",22,157.68,"top"
"CL-blue","Z022E0146",22,157.86,"top"
"CL-blue","Z022E0024",22,158.17,"top"
"CL-blue","Z022E0168",22,158.42,"top"
"CL-blue","Z022E0040",22,158.53,"top"
"CL-blue","Z022E0129",22,158.62,"top"
"CL-blue","Z022E0091",22,160.12,"top"
"CL-blue","Z022E0110",22,160.47,"top"
"CL-blue","Z022E0175",22,161.35,"top"
"CL-blue","Z022E0081",22,162,"top"
"CL-blue","Z022E0080",22,162.78,"top"
"CL-blue","Z022E0186",22,164.94,"top"
"CL-blue","Z022E0038",22,166.25,"top"
"CL-blue","Z022E0057",22,166.7,"top"
"CL-blue","Z023E0086",23,103.9,"bottom"
"CL-blue","Z023E0074",23,110.1,"bottom"
"CL-blue","Z023E0119",23,113.83,"bottom"
"CL-blue","Z023E0125",23,114.75,"bottom"
"CL-blue","Z023E0083",23,115.41,"bottom"
"CL-blue","Z023E0011",23,115.47,"bottom"
"CL-blue","Z023E0066",23,116.37,"bottom"
"CL-blue","Z023E0063",23,117.02,"bottom"
"CL-blue","Z023E0180",23,117.13,"bottom"
"CL-blue","Z023E0165",23,117.55,"bottom"
"CL-blue","Z023E0126",23,117.81,"bottom"
"CL-blue","Z023E0097",23,118.13,"bottom"
"CL-blue","Z023E0137",23,118.7,"bottom"
"CL-blue","Z023E0122",23,118.73,"bottom"
"CL-blue","Z023E0078",23,119.23,"bottom"
"CL-blue","Z023E0048",23,120.03,"bottom"
"CL-blue","Z023E0174",23,120.32,"bottom"
"CL-blue","Z023E0065",23,151.92,"top"
"CL-blue","Z023E0029",23,152.62,"top"
"CL-blue","Z023E0173",23,153.6,"top"
"CL-blue","Z023E0164",23,153.7,"top"
"CL-blue","Z023E0095",23,154.93000000000004,"top"
"CL-blue","Z023E0047",23,155.93,"top"
"CL-blue","Z023E0199",23,156.05,"top"
"CL-blue","Z023E0072",23,156.26,"top"
"CL-blue","Z023E0156",23,156.4,"top"
"CL-blue","Z023E0160",23,158.92,"top"
"CL-blue","Z023E0150",23,159.44,"top"
"CL-blue","Z023E0098",23,161.36,"top"
"CL-blue","Z023E0185",23,162.12,"top"
"CL-blue","Z023E0140",23,167.15,"top"
"CL-blue","Z023E0124",23,168.27,"top"
"CL-blue","Z023E0056",23,170.37,"top"
"CL-blue","Z024E0187",24,92.55,"bottom"
"CL-blue","Z024E0006",24,93.51,"bottom"
"CL-blue","Z024E0017",24,96,"bottom"
"CL-blue","Z024E0116",24,96.19,"bottom"
"CL-blue","Z024E0068",24,97.54,"bottom"
"CL-blue","Z024E0041",24,98.68,"bottom"
"CL-blue","Z024E0174",24,99.39,"bottom"
"CL-blue","Z024E0023",24,100.13,"bottom"
"CL-blue","Z024E0015",24,100.65000000000002,"bottom"
"CL-blue","Z024E0028",24,101.75,"bottom"
"CL-blue","Z024E0166",24,102.18,"bottom"
"CL-blue","Z024E0105",24,103.19,"bottom"
"CL-blue","Z024E0026",24,103.7,"bottom"
"CL-blue","Z024E0070",24,104.2,"bottom"
"CL-blue","Z024E0167",24,104.58,"bottom"
"CL-blue","Z024E0109",24,104.6,"bottom"
"CL-blue","Z024E0058",24,104.81,"bottom"
"CL-blue","Z024E0155",24,105.33,"bottom"
"CL-blue","Z024E0086",24,134,"top"
"CL-blue","Z024E0072",24,134.49,"top"
"CL-blue","Z024E0172",24,135.02,"top"
"CL-blue","Z024E0134",24,135.49,"top"
"CL-blue","Z024E0080",24,135.65,"top"
"CL-blue","Z024E0048",24,135.98,"top"
"CL-blue","Z024E0099",24,136.02,"top"
"CL-blue","Z024E0195",24,136.14,"top"
"CL-blue","Z024E0011",24,137.49,"top"
"CL-blue","Z024E0012",24,137.59,"top"
"CL-blue","Z024E0180",24,138.77,"top"
"CL-blue","Z024E0002",24,139.92,"top"
"CL-blue","Z024E0001",24,140.45,"top"
"CL-blue","Z024E0098",24,141.81,"top"
"CL-blue","Z024E0024",24,143.32,"top"
"CL-blue","Z024E0056",24,144.26,"top"
"CL-blue","Z024E0119",24,148.21,"top"
"CL-blue","Z025E0082",25,87.05,"bottom"
"CL-blue","Z025E0070",25,91.75,"bottom"
"CL-blue","Z025E0096",25,97.13,"bottom"
"CL-blue","Z025E0154",25,98.5,"bottom"
"CL-blue","Z025E0107",25,100.59,"bottom"
"CL-blue","Z025E0133",25,100.88999999999999,"bottom"
"CL-blue","Z025E0090",25,101.49,"bottom"
"CL-blue","Z025E0053",25,101.84,"bottom"
"CL-blue","Z025E0140",25,102.05,"bottom"
"CL-blue","Z025E0088",25,103.72,"bottom"
"CL-blue","Z025E0106",25,103.77,"bottom"
"CL-blue","Z025E0059",25,104.08,"bottom"
"CL-blue","Z025E0111",25,104.3,"bottom"
"CL-blue","Z025E0193",25,105.78,"bottom"
"CL-blue","Z025E0099",25,105.95,"bottom"
"CL-blue","Z025E0066",25,106.26,"bottom"
"CL-blue","Z025E0074",25,106.73,"bottom"
"CL-blue","Z025E0069",25,106.88,"bottom"
"CL-blue","Z025E0141",25,142.61,"top"
"CL-blue","Z025E0038",25,143.09,"top"
"CL-blue","Z025E0142",25,143.58000000000004,"top"
"CL-blue","Z025E0035",25,143.65,"top"
"CL-blue","Z025E0129",25,144.41,"top"
"CL-blue","Z025E0148",25,144.61,"top"
"CL-blue","Z025E0024",25,144.7,"top"
"CL-blue","Z025E0126",25,146.18,"top"
"CL-blue","Z025E0047",25,146.7,"top"
"CL-blue","Z025E0194",25,147.23,"top"
"CL-blue","Z025E0188",25,149.03,"top"
"CL-blue","Z025E0001",25,149.43,"top"
"CL-blue","Z025E0011",25,149.62,"top"
"CL-blue","Z025E0139",25,150.42,"top"
"CL-blue","Z025E0189",25,153.14,"top"
"CL-blue","Z025E0065",25,153.68,"top"
"CL-blue","Z025E0060",25,165.86,"top"
"CL-blue","Z026E0181",26,79.01,"bottom"
"CL-blue","Z026E0080",26,92.89,"bottom"
"CL-blue","Z026E0016",26,94.55,"bottom"
"CL-blue","Z026E0134",26,95.37,"bottom"
"CL-blue","Z026E0148",26,96.45,"bottom"
"CL-blue","Z026E0187",26,99.15,"bottom"
"CL-blue","Z026E0078",26,99.19999999999999,"bottom"
"CL-blue","Z026E0086",26,100.45,"bottom"
"CL-blue","Z026E0131",26,100.53,"bottom"
"CL-blue","Z026E0087",26,100.65000000000002,"bottom"
"CL-blue","Z026E0184",26,101.62,"bottom"
"CL-blue","Z026E0114",26,102.14,"bottom"
"CL-blue","Z026E0070",26,102.31,"bottom"
"CL-blue","Z026E0052",26,102.83,"bottom"
"CL-blue","Z026E0013",26,102.91,"bottom"
"CL-blue","Z026E0081",26,103,"bottom"
"CL-blue","Z026E0032",26,103.32,"bottom"
"CL-blue","Z026E0112",26,132.76,"top"
"CL-blue","Z026E0026",26,134.44,"top"
"CL-blue","Z026E0095",26,135.44,"top"
"CL-blue","Z026E0111",26,135.47,"top"
"CL-blue","Z026E0092",26,136.2,"top"
"CL-blue","Z026E0126",26,136.66,"top"
"CL-blue","Z026E0102",26,137.16,"top"
"CL-blue","Z026E0125",26,137.7,"top"
"CL-blue","Z026E0143",26,137.81,"top"
"CL-blue","Z026E0027",26,138.28,"top"
"CL-blue","Z026E0101",26,143.33,"top"
"CL-blue","Z026E0068",26,144.04,"top"
"CL-blue","Z026E0179",26,144.17,"top"
"CL-blue","Z026E0173",26,144.59,"top"
"CL-blue","Z026E0091",26,149.72,"top"
"CL-blue","Z026E0159",26,156.89,"top"
"SL-blue","Z001E0153",1,5.085,"bottom"
"SL-blue","Z001E0097",1,5.549,"bottom"
"SL-blue","Z001E0040",1,5.746,"bottom"
"SL-blue","Z001E0007",1,6.186,"bottom"
"SL-blue","Z001E0050",1,6.227,"bottom"
"SL-blue","Z001E0185",1,6.344,"bottom"
"SL-blue","Z001E0107",1,6.462,"bottom"
"SL-blue","Z001E0044",1,6.555,"bottom"
"SL-blue","Z001E0099",1,6.871,"bottom"
"SL-blue","Z001E0043",1,6.928,"bottom"
"SL-blue","Z001E0182",1,6.981,"bottom"
"SL-blue","Z001E0042",1,7.051,"bottom"
"SL-blue","Z001E0032",1,7.114,"bottom"
"SL-blue","Z001E0118",1,7.198,"bottom"
"SL-blue","Z001E0019",1,7.212,"bottom"
"SL-blue","Z001E0063",1,7.308,"bottom"
"SL-blue","Z001E0039",1,7.328,"bottom"
"SL-blue","Z001E0120",1,7.329,"bottom"
"SL-blue","Z001E0148",1,7.385,"bottom"
"SL-blue","Z001E0087",1,7.423,"bottom"
"SL-blue","Z001E0116",1,11.35,"top"
"SL-blue","Z001E0129",1,11.36,"top"
"SL-blue","Z001E0156",1,11.51,"top"
"SL-blue","Z001E0115",1,11.61,"top"
"SL-blue","Z001E0068",1,11.67,"top"
"SL-blue","Z001E0076",1,11.69,"top"
"SL-blue","Z001E0193",1,11.88,"top"
"SL-blue","Z001E0200",1,11.99,"top"
"SL-blue","Z001E0038",1,12.06,"top"
"SL-blue","Z001E0145",1,12.27,"top"
"SL-blue","Z001E0037",1,12.43,"top"
"SL-blue","Z001E0027",1,12.48,"top"
"SL-blue","Z001E0080",1,12.52,"top"
"SL-blue","Z001E0030",1,12.58,"top"
"SL-blue","Z001E0029",1,12.69,"top"
"SL-blue","Z001E0126",1,12.7,"top"
"SL-blue","Z001E0003",1,13.3,"top"
"SL-blue","Z001E0172",1,13.32,"top"
"SL-blue","Z001E0001",1,13.91,"top"
"SL-blue","Z002E0063",2,4.555,"bottom"
"SL-blue","Z002E0042",2,5.938,"bottom"
"SL-blue","Z002E0122",2,6.051,"bottom"
"SL-blue","Z002E0051",2,6.087,"bottom"
"SL-blue","Z002E0193",2,6.378,"bottom"
"SL-blue","Z002E0187",2,6.509,"bottom"
"SL-blue","Z002E0217",2,6.558,"bottom"
"SL-blue","Z002E0128",2,6.586,"bottom"
"SL-blue","Z002E0189",2,6.639,"bottom"
"SL-blue","Z002E0069",2,6.73,"bottom"
"SL-blue","Z002E0115",2,6.783,"bottom"
"SL-blue","Z002E0055",2,6.845999999999999,"bottom"
"SL-blue","Z002E0059",2,6.845999999999999,"bottom"
"SL-blue","Z002E0191",2,6.845999999999999,"bottom"
"SL-blue","Z002E0134",2,6.859,"bottom"
"SL-blue","Z002E0127",2,6.891,"bottom"
"SL-blue","Z002E0071",2,6.931,"bottom"
"SL-blue","Z002E0102",2,6.999,"bottom"
"SL-blue","Z002E0129",2,7.009,"bottom"
"SL-blue","Z002E0027",2,7.063,"bottom"
"SL-blue","Z002E0058",2,11.44,"top"
"SL-blue","Z002E0142",2,11.48,"top"
"SL-blue","Z002E0197",2,11.57,"top"
"SL-blue","Z002E0185",2,11.65,"top"
"SL-blue","Z002E0181",2,11.69,"top"
"SL-blue","Z002E0167",2,11.71,"top"
"SL-blue","Z002E0100",2,11.8,"top"
"SL-blue","Z002E0078",2,11.86,"top"
"SL-blue","Z002E0124",2,11.94,"top"
"SL-blue","Z002E0014",2,12.04,"top"
"SL-blue","Z002E0164",2,12.11,"top"
"SL-blue","Z002E0156",2,12.39,"top"
"SL-blue","Z002E0090",2,12.47,"top"
"SL-blue","Z002E0163",2,12.5,"top"
"SL-blue","Z002E0126",2,12.55,"top"
"SL-blue","Z002E0048",2,12.76,"top"
"SL-blue","Z002E0131",2,12.79,"top"
"SL-blue","Z002E0180",2,12.79,"top"
"SL-blue","Z002E0120",2,12.81,"top"
"SL-blue","Z003E0120",3,3.75,"bottom"
"SL-blue","Z003E0071",3,4.503,"bottom"
"SL-blue","Z003E0054",3,5.192,"bottom"
"SL-blue","Z003E0043",3,5.803,"bottom"
"SL-blue","Z003E0049",3,9.954,"top"
"SL-blue","Z003E0126",3,10.04,"top"
"SL-blue","Z003E0070",3,10.34,"top"
"SL-blue","Z004E0143",4,5.49,"bottom"
"SL-blue","Z004E0027",4,5.823,"bottom"
"SL-blue","Z004E0168",4,5.914,"bottom"
"SL-blue","Z004E0125",4,5.939,"bottom"
"SL-blue","Z004E0004",4,6.201,"bottom"
"SL-blue","Z004E0010",4,6.287,"bottom"
"SL-blue","Z004E0016",4,6.317,"bottom"
"SL-blue","Z004E0161",4,6.35,"bottom"
"SL-blue","Z004E0138",4,6.562,"bottom"
"SL-blue","Z004E0136",4,6.667,"bottom"
"SL-blue","Z004E0068",4,6.713,"bottom"
"SL-blue","Z004E0052",4,6.759,"bottom"
"SL-blue","Z004E0160",4,6.759,"bottom"
"SL-blue","Z004E0171",4,6.909,"bottom"
"SL-blue","Z004E0167",4,6.924,"bottom"
"SL-blue","Z004E0192",4,6.935,"bottom"
"SL-blue","Z004E0141",4,7.034,"bottom"
"SL-blue","Z004E0151",4,7.036,"bottom"
"SL-blue","Z004E0098",4,7.048,"bottom"
"SL-blue","Z004E0148",4,7.084,"bottom"
"SL-blue","Z004E0184",4,10.79,"top"
"SL-blue","Z004E0050",4,10.85,"top"
"SL-blue","Z004E0176",4,10.97,"top"
"SL-blue","Z004E0015",4,11.06,"top"
"SL-blue","Z004E0120",4,11.08,"top"
"SL-blue","Z004E0113",4,11.09,"top"
"SL-blue","Z004E0085",4,11.17,"top"
"SL-blue","Z004E0013",4,11.18,"top"
"SL-blue","Z004E0060",4,11.43,"top"
"SL-blue","Z004E0023",4,11.62,"top"
"SL-blue","Z004E0177",4,11.72,"top"
"SL-blue","Z004E0153",4,11.77,"top"
"SL-blue","Z004E0096",4,12.03,"top"
"SL-blue","Z004E0188",4,12.44,"top"
"SL-blue","Z004E0006",4,12.63,"top"
"SL-blue","Z004E0154",4,12.95,"top"
"SL-blue","Z004E0009",4,13.38,"top"
"SL-blue","Z004E0095",4,13.54,"top"
"SL-blue","Z004E0182",4,14.78,"top"
"SL-blue","Z005E0157",5,4.387,"bottom"
"SL-blue","Z005E0075",5,4.82,"bottom"
"SL-blue","Z005E0193",5,5.232,"bottom"
"SL-blue","Z005E0167",5,5.491,"bottom"
"SL-blue","Z005E0162",5,10.02,"top"
"SL-blue","Z005E0150",5,10.69,"top"
"SL-blue","Z005E0058",5,12.19,"top"
"SL-blue","Z006E0116",6,6.481,"bottom"
"SL-blue","Z006E0110",6,6.564,"bottom"
"SL-blue","Z006E0107",6,6.572,"bottom"
"SL-blue","Z006E0074",6,6.689,"bottom"
"SL-blue","Z006E0226",6,10.43,"top"
"SL-blue","Z006E0200",6,10.46,"top"
"SL-blue","Z006E0020",6,12.01,"top"
"SL-blue","Z007E0139",7,5.641,"bottom"
"SL-blue","Z007E0079",7,6.568,"bottom"
"SL-blue","Z007E0027",7,7.104,"bottom"
"SL-blue","Z007E0014",7,7.152,"bottom"
"SL-blue","Z007E0090",7,11.11,"top"
"SL-blue","Z007E0087",7,11.37,"top"
"SL-blue","Z007E0175",7,12.72,"top"
"SL-blue","Z008E0171",8,4.307,"bottom"
"SL-blue","Z008E0137",8,5.188,"bottom"
"SL-blue","Z008E0023",8,5.445,"bottom"
"SL-blue","Z008E0084",8,5.446,"bottom"
"SL-blue","Z008E0133",8,5.538,"bottom"
"SL-blue","Z008E0122",8,5.554000000000001,"bottom"
"SL-blue","Z008E0187",8,5.579,"bottom"
"SL-blue","Z008E0128",8,5.6,"bottom"
"SL-blue","Z008E0098",8,5.671,"bottom"
"SL-blue","Z008E0010",8,5.755,"bottom"
"SL-blue","Z008E0177",8,5.796,"bottom"
"SL-blue","Z008E0155",8,5.831,"bottom"
"SL-blue","Z008E0110",8,6.031,"bottom"
"SL-blue","Z008E0193",8,6.217,"bottom"
"SL-blue","Z008E0025",8,6.27,"bottom"
"SL-blue","Z008E0107",8,6.377,"bottom"
"SL-blue","Z008E0028",8,6.409,"bottom"
"SL-blue","Z008E0062",8,6.561,"bottom"
"SL-blue","Z008E0053",8,6.594,"bottom"
"SL-blue","Z008E0055",8,6.652,"bottom"
"SL-blue","Z008E0090",8,10.35,"top"
"SL-blue","Z008E0200",8,10.36,"top"
"SL-blue","Z008E0075",8,10.38,"top"
"SL-blue","Z008E0050",8,10.44,"top"
"SL-blue","Z008E0093",8,10.49,"top"
"SL-blue","Z008E0158",8,10.62,"top"
"SL-blue","Z008E0112",8,10.72,"top"
"SL-blue","Z008E0024",8,10.799999999999999,"top"
"SL-blue","Z008E0004",8,10.83,"top"
"SL-blue","Z008E0140",8,10.83,"top"
"SL-blue","Z008E0095",8,10.87,"top"
"SL-blue","Z008E0120",8,10.92,"top"
"SL-blue","Z008E0131",8,11.16,"top"
"SL-blue","Z008E0108",8,11.34,"top"
"SL-blue","Z008E0178",8,11.35,"top"
"SL-blue","Z008E0021",8,11.52,"top"
"SL-blue","Z008E0042",8,11.82,"top"
"SL-blue","Z008E0148",8,12.45,"top"
"SL-blue","Z008E0011",8,12.64,"top"
"SL-blue","Z009E0188",9,4.905,"bottom"
"SL-blue","Z009E0168",9,5.069,"bottom"
"SL-blue","Z009E0199",9,6.056,"bottom"
"SL-blue","Z009E0198",9,6.559,"bottom"
"SL-blue","Z009E0033",9,6.62,"bottom"
"SL-blue","Z009E0182",9,6.775,"bottom"
"SL-blue","Z009E0214",9,6.868,"bottom"
"SL-blue","Z009E0027",9,6.883,"bottom"
"SL-blue","Z009E0152",9,6.883,"bottom"
"SL-blue","Z009E0101",9,6.914,"bottom"
"SL-blue","Z009E0167",9,6.914,"bottom"
"SL-blue","Z009E0053",9,6.958,"bottom"
"SL-blue","Z009E0124",9,6.969,"bottom"
"SL-blue","Z009E0173",9,6.982,"bottom"
"SL-blue","Z009E0114",9,7.066,"bottom"
"SL-blue","Z009E0155",9,7.172,"bottom"
"SL-blue","Z009E0096",9,7.212,"bottom"
"SL-blue","Z009E0087",9,7.234,"bottom"
"SL-blue","Z009E0176",9,7.234,"bottom"
"SL-blue","Z009E0099",9,7.242,"bottom"
"SL-blue","Z009E0119",9,10.9,"top"
"SL-blue","Z009E0181",9,11.04,"top"
"SL-blue","Z009E0086",9,11.07,"top"
"SL-blue","Z009E0127",9,11.31,"top"
"SL-blue","Z009E0073",9,11.39,"top"
"SL-blue","Z009E0013",9,11.51,"top"
"SL-blue","Z009E0056",9,11.51,"top"
"SL-blue","Z009E0077",9,11.56,"top"
"SL-blue","Z009E0054",9,11.62,"top"
"SL-blue","Z009E0002",9,12.16,"top"
"SL-blue","Z009E0089",9,12.22,"top"
"SL-blue","Z009E0029",9,12.58,"top"
"SL-blue","Z009E0102",9,12.78,"top"
"SL-blue","Z009E0048",9,13,"top"
"SL-blue","Z009E0103",9,13.18,"top"
"SL-blue","Z009E0083",9,13.39,"top"
"SL-blue","Z009E0071",9,13.86,"top"
"SL-blue","Z009E0219",9,13.87,"top"
"SL-blue","Z009E0050",9,14.62,"top"
"SL-blue","Z010E0130",10,5.022,"bottom"
"SL-blue","Z010E0126",10,5.378,"bottom"
"SL-blue","Z010E0072",10,5.428,"bottom"
"SL-blue","Z010E0085",10,5.609,"bottom"
"SL-blue","Z010E0075",10,5.65,"bottom"
"SL-blue","Z010E0043",10,5.749,"bottom"
"SL-blue","Z010E0091",10,5.794,"bottom"
"SL-blue","Z010E0190",10,5.999,"bottom"
"SL-blue","Z010E0096",10,6.312,"bottom"
"SL-blue","Z010E0185",10,6.329,"bottom"
"SL-blue","Z010E0113",10,6.337,"bottom"
"SL-blue","Z010E0116",10,6.366,"bottom"
"SL-blue","Z010E0108",10,6.373,"bottom"
"SL-blue","Z010E0200",10,6.402,"bottom"
"SL-blue","Z010E0084",10,6.405,"bottom"
"SL-blue","Z010E0184",10,6.434,"bottom"
"SL-blue","Z010E0022",10,6.539,"bottom"
"SL-blue","Z010E0082",10,6.587,"bottom"
"SL-blue","Z010E0136",10,6.622,"bottom"
"SL-blue","Z010E0123",10,6.635,"bottom"
"SL-blue","Z010E0094",10,10.86,"top"
"SL-blue","Z010E0102",10,10.86,"top"
"SL-blue","Z010E0194",10,10.91,"top"
"SL-blue","Z010E0158",10,11.02,"top"
"SL-blue","Z010E0173",10,11.06,"top"
"SL-blue","Z010E0198",10,11.08,"top"
"SL-blue","Z010E0115",10,11.11,"top"
"SL-blue","Z010E0138",10,11.17,"top"
"SL-blue","Z010E0172",10,11.23,"top"
"SL-blue","Z010E0159",10,11.28,"top"
"SL-blue","Z010E0044",10,11.37,"top"
"SL-blue","Z010E0045",10,11.52,"top"
"SL-blue","Z010E0131",10,11.74,"top"
"SL-blue","Z010E0071",10,11.99,"top"
"SL-blue","Z010E0061",10,12.48,"top"
"SL-blue","Z010E0033",10,12.57,"top"
"SL-blue","Z010E0167",10,12.92,"top"
"SL-blue","Z010ESBreplace2",10,13.53,"top"
"SL-blue","Z010E0050",10,13.85,"top"
"SL-blue","Z011E0132",11,4.826,"bottom"
"SL-blue","Z011E0024",11,5.731,"bottom"
"SL-blue","Z011E0084",11,5.811,"bottom"
"SL-blue","Z011E0088",11,5.847,"bottom"
"SL-blue","Z011E0163",11,6.164,"bottom"
"SL-blue","Z011E0016",11,6.284,"bottom"
"SL-blue","Z011E0137",11,6.616,"bottom"
"SL-blue","Z011E0112",11,6.737,"bottom"
"SL-blue","Z011E0051",11,7.111,"bottom"
"SL-blue","Z011E0012",11,7.203,"bottom"
"SL-blue","Z011E0230",11,7.32,"bottom"
"SL-blue","Z011E0079",11,7.561,"bottom"
"SL-blue","Z011E0032",11,7.618,"bottom"
"SL-blue","Z011E0002",11,7.649,"bottom"
"SL-blue","Z011E0200",11,7.687,"bottom"
"SL-blue","Z011E0098",11,7.708,"bottom"
"SL-blue","Z011E0164",11,7.782,"bottom"
"SL-blue","Z011E0076",11,7.799,"bottom"
"SL-blue","Z011E0147",11,7.800000000000001,"bottom"
"SL-blue","Z011E0021",11,7.835,"bottom"
"SL-blue","Z011E0158",11,11.46,"top"
"SL-blue","Z011E0175",11,11.51,"top"
"SL-blue","Z011E0003",11,11.54,"top"
"SL-blue","Z011E0141",11,11.61,"top"
"SL-blue","Z011E0155",11,11.68,"top"
"SL-blue","Z011E0120",11,11.74,"top"
"SL-blue","Z011E0040",11,11.75,"top"
"SL-blue","Z011E0017",11,11.78,"top"
"SL-blue","Z011E0185",11,11.78,"top"
"SL-blue","Z011E0019",11,11.85,"top"
"SL-blue","Z011E0050",11,11.89,"top"
"SL-blue","Z011E0145",11,12.1,"top"
"SL-blue","Z011E0010",11,12.17,"top"
"SL-blue","Z011E0013",11,12.17,"top"
"SL-blue","Z011E0091",11,12.2,"top"
"SL-blue","Z011E0191",11,12.37,"top"
"SL-blue","Z011E0035",11,12.41,"top"
"SL-blue","Z011E0180",11,12.57,"top"
"SL-blue","Z011E0004",11,12.99,"top"
"SL-blue","Z012E0192",12,5.427,"bottom"
"SL-blue","Z012E0133",12,6.189,"bottom"
"SL-blue","Z012E0003",12,6.442,"bottom"
"SL-blue","Z012E0123",12,6.442,"bottom"
"SL-blue","Z012E0114",12,7.132,"bottom"
"SL-blue","Z012E0056",12,7.152,"bottom"
"SL-blue","Z012E0102",12,7.229,"bottom"
"SL-blue","Z012E0037",12,7.244,"bottom"
"SL-blue","Z012E0108",12,7.288,"bottom"
"SL-blue","Z012E0121",12,7.288,"bottom"
"SL-blue","Z012E0126",12,7.294,"bottom"
"SL-blue","Z012E0138",12,7.334,"bottom"
"SL-blue","Z012E0007",12,7.378,"bottom"
"SL-blue","Z012E0142",12,7.441,"bottom"
"SL-blue","Z012E0009",12,7.463,"bottom"
"SL-blue","Z012E0006",12,7.508,"bottom"
"SL-blue","Z012E0032",12,7.653,"bottom"
"SL-blue","Z012E0100",12,7.653,"bottom"
"SL-blue","Z012E0069",12,7.692,"bottom"
"SL-blue","Z012E0050",12,7.783,"bottom"
"SL-blue","Z012E0101",12,11.82,"top"
"SL-blue","Z012E0200",12,11.84,"top"
"SL-blue","Z012E0066",12,11.99,"top"
"SL-blue","Z012E0196",12,11.99,"top"
"SL-blue","Z012E0089",12,12.03,"top"
"SL-blue","Z012E0036",12,12.21,"top"
"SL-blue","Z012E0073",12,12.33,"top"
"SL-blue","Z012E0087",12,12.59,"top"
"SL-blue","Z012E0148",12,12.59,"top"
"SL-blue","Z012E0096",12,12.63,"top"
"SL-blue","Z012E0179",12,12.63,"top"
"SL-blue","Z012E0028",12,12.82,"top"
"SL-blue","Z012E0039",12,12.83,"top"
"SL-blue","Z012E0154",12,13.21,"top"
"SL-blue","Z012E0144",12,13.26,"top"
"SL-blue","Z012E0147",12,13.26,"top"
"SL-blue","Z012E0049",12,13.43,"top"
"SL-blue","Z012E0106",12,13.45,"top"
"SL-blue","Z012E0002",12,13.46,"top"
"SL-blue","Z013ESBreplace40",13,4.726,"bottom"
"SL-blue","Z013E0051",13,6.266,"bottom"
"SL-blue","Z013E0106",13,6.53,"bottom"
"SL-blue","Z013E0032",13,6.764,"bottom"
"SL-blue","Z013E0111",13,11.31,"top"
"SL-blue","Z013E0011",13,11.85,"top"
"SL-blue","Z013E0003",13,11.86,"top"
"SL-blue","Z015E0170",15,4.609,"bottom"
"SL-blue","Z015E0187",15,4.685,"bottom"
"SL-blue","Z015E0186",15,5.424,"bottom"
"SL-blue","Z015E0071",15,5.462,"bottom"
"SL-blue","Z015E0156",15,5.615,"bottom"
"SL-blue","Z015E0068",15,5.62,"bottom"
"SL-blue","Z015E0165",15,5.698,"bottom"
"SL-blue","Z015E0203",15,5.698,"bottom"
"SL-blue","Z015E0058",15,5.86,"bottom"
"SL-blue","Z015E0126",15,6.044,"bottom"
"SL-blue","Z015E0200",15,6.207,"bottom"
"SL-blue","Z015E0102",15,6.297,"bottom"
"SL-blue","Z015E0100",15,6.365,"bottom"
"SL-blue","Z015E0243",15,6.569,"bottom"
"SL-blue","Z015E0043",15,6.58,"bottom"
"SL-blue","Z015E0031",15,6.715,"bottom"
"SL-blue","Z015E0064",15,6.845999999999999,"bottom"
"SL-blue","Z015E0007",15,6.893,"bottom"
"SL-blue","Z015E0039",15,6.913,"bottom"
"SL-blue","Z015E0004",15,6.946,"bottom"
"SL-blue","Z015E0183",15,11.23,"top"
"SL-blue","Z015E0099",15,11.25,"top"
"SL-blue","Z015E0040",15,11.32,"top"
"SL-blue","Z015E0137",15,11.34,"top"
"SL-blue","Z015E0044",15,11.43,"top"
"SL-blue","Z015E0047",15,11.43,"top"
"SL-blue","Z015E0164",15,11.5,"top"
"SL-blue","Z015E0091",15,11.52,"top"
"SL-blue","Z015E0178",15,11.600000000000001,"top"
"SL-blue","Z015E0185",15,11.8,"top"
"SL-blue","Z015ESBreplace1",15,11.86,"top"
"SL-blue","Z015E0105",15,11.94,"top"
"SL-blue","Z015E0141",15,12.06,"top"
"SL-blue","Z015E0088",15,12.22,"top"
"SL-blue","Z015E0096",15,12.39,"top"
"SL-blue","Z015E0110",15,12.43,"top"
"SL-blue","Z015E0230",15,12.48,"top"
"SL-blue","Z015E0022",15,12.49,"top"
"SL-blue","Z015E0026",15,13.37,"top"
"SL-blue","Z016E0106",16,4.973,"bottom"
"SL-blue","Z016E0039",16,5.181,"bottom"
"SL-blue","Z016E0064",16,5.331,"bottom"
"SL-blue","Z016E0122",16,5.588,"bottom"
"SL-blue","Z016E0069",16,5.696,"bottom"
"SL-blue","Z016E0190",16,6.192,"bottom"
"SL-blue","Z016E0044",16,6.365,"bottom"
"SL-blue","Z016E0020",16,6.512,"bottom"
"SL-blue","Z016E0085",16,6.512,"bottom"
"SL-blue","Z016E0160",16,6.512,"bottom"
"SL-blue","Z016E0136",16,6.791,"bottom"
"SL-blue","Z016E0024",16,6.868,"bottom"
"SL-blue","Z016E0254",16,7.023,"bottom"
"SL-blue","Z016E0005",16,7.076,"bottom"
"SL-blue","Z016E0116",16,7.118,"bottom"
"SL-blue","Z016E0176",16,7.118,"bottom"
"SL-blue","Z016E0062",16,7.128,"bottom"
"SL-blue","Z016E0177",16,7.159,"bottom"
"SL-blue","Z016E0110",16,12.3,"top"
"SL-blue","Z016ESBreplace1",16,12.3,"top"
"SL-blue","Z016E0019",16,12.67,"top"
"SL-blue","Z016E0187",16,12.73,"top"
"SL-blue","Z016E0158",16,12.81,"top"
"SL-blue","Z016E0061",16,12.86,"top"
"SL-blue","Z016E0070",16,12.9,"top"
"SL-blue","Z016E0095",16,13.43,"top"
"SL-blue","Z016E0098",16,13.61,"top"
"SL-blue","Z016E0055",16,13.96,"top"
"SL-blue","Z016E0001",16,14.02,"top"
"SL-blue","Z016E0112",16,14.1,"top"
"SL-blue","Z016E0195",16,14.1,"top"
"SL-blue","Z016E0162",16,14.27,"top"
"SL-blue","Z016E0194",16,14.52,"top"
"SL-blue","Z016E0139",16,15.35,"top"
"SL-blue","Z016E0164",16,17.16,"top"
"SL-blue","Z018E0051",18,3.561,"bottom"
"SL-blue","Z018E0063",18,4.87,"bottom"
"SL-blue","Z018E0031",18,4.986,"bottom"
"SL-blue","Z018E0103",18,5.502,"bottom"
"SL-blue","Z018E0004",18,5.555,"bottom"
"SL-blue","Z018E0064",18,5.601,"bottom"
"SL-blue","Z018E0003",18,5.783,"bottom"
"SL-blue","Z018E0136",18,5.875,"bottom"
"SL-blue","Z018E0098",18,6.039,"bottom"
"SL-blue","Z018E0167",18,6.049,"bottom"
"SL-blue","Z018E0165",18,6.058,"bottom"
"SL-blue","Z018E0036",18,6.207,"bottom"
"SL-blue","Z018E0152",18,6.242,"bottom"
"SL-blue","Z018E0096",18,6.246,"bottom"
"SL-blue","Z018E0007",18,6.299,"bottom"
"SL-blue","Z018E0088",18,6.299,"bottom"
"SL-blue","Z018E0223",18,6.377,"bottom"
"SL-blue","Z018E0089",18,6.391,"bottom"
"SL-blue","Z018E0050",18,6.473,"bottom"
"SL-blue","Z018E0121",18,11.35,"top"
"SL-blue","Z018E0076",18,11.38,"top"
"SL-blue","Z018E0133",18,11.45,"top"
"SL-blue","Z018E0124",18,11.52,"top"
"SL-blue","Z018E0191",18,11.76,"top"
"SL-blue","Z018E0220",18,11.77,"top"
"SL-blue","Z018E0024",18,11.85,"top"
"SL-blue","Z018E0008",18,11.9,"top"
"SL-blue","Z018E0195",18,12.17,"top"
"SL-blue","Z018E0101",18,12.19,"top"
"SL-blue","Z018E0059",18,12.2,"top"
"SL-blue","Z018E0119",18,12.25,"top"
"SL-blue","Z018E0166",18,12.39,"top"
"SL-blue","Z018E0130",18,12.49,"top"
"SL-blue","Z018E0039",18,12.84,"top"
"SL-blue","Z018E0126",18,13.07,"top"
"SL-blue","Z018E0105",18,14.37,"top"
"SL-blue","Z018E0092",18,14.62,"top"
"SL-blue","Z019E0090",19,6.758,"bottom"
"SL-blue","Z019E0080",19,7.709,"bottom"
"SL-blue","Z019E0069",19,7.859,"bottom"
"SL-blue","Z019E0149",19,7.877000000000001,"bottom"
"SL-blue","Z019E0168",19,11.66,"top"
"SL-blue","Z019E0197",19,11.68,"top"
"SL-blue","Z019E0020",19,12.02,"top"
"SL-blue","Z019E0035",19,12.16,"top"
"SL-blue","Z021E0185",21,4.367,"bottom"
"SL-blue","Z021E0174",21,4.938,"bottom"
"SL-blue","Z021E0181",21,5.556,"bottom"
"SL-blue","Z021E0123",21,5.623,"bottom"
"SL-blue","Z021E0002",21,5.785,"bottom"
"SL-blue","Z021E0124",21,5.808,"bottom"
"SL-blue","Z021E0200",21,5.832,"bottom"
"SL-blue","Z021E0075",21,5.982,"bottom"
"SL-blue","Z021E0001",21,6.008,"bottom"
"SL-blue","Z021E0087",21,6.024,"bottom"
"SL-blue","Z021E0090",21,6.037,"bottom"
"SL-blue","Z021E0011",21,6.085,"bottom"
"SL-blue","Z021E0141",21,6.109,"bottom"
"SL-blue","Z021E0032",21,6.236,"bottom"
"SL-blue","Z021E0054",21,6.266,"bottom"
"SL-blue","Z021E0049",21,6.326,"bottom"
"SL-blue","Z021E0180",21,6.364,"bottom"
"SL-blue","Z021E0028",21,6.372,"bottom"
"SL-blue","Z021E0110",21,6.41,"bottom"
"SL-blue","Z021E0126",21,6.442,"bottom"
"SL-blue","Z021E0178",21,10.54,"top"
"SL-blue","Z021E0013",21,10.59,"top"
"SL-blue","Z021E0091",21,10.69,"top"
"SL-blue","Z021E0088",21,10.75,"top"
"SL-blue","Z021E0112",21,10.77,"top"
"SL-blue","Z021E0129",21,10.91,"top"
"SL-blue","Z021E0043",21,11.07,"top"
"SL-blue","Z021ESBreplace3",21,11.14,"top"
"SL-blue","Z021E0060",21,11.15,"top"
"SL-blue","Z021E0077",21,11.44,"top"
"SL-blue","Z021E0092",21,11.46,"top"
"SL-blue","Z021E0105",21,11.63,"top"
"SL-blue","Z021E0106",21,11.67,"top"
"SL-blue","Z021E0010",21,11.94,"top"
"SL-blue","Z021E0183",21,12.08,"top"
"SL-blue","Z021E0099",21,12.29,"top"
"SL-blue","Z021E0182",21,13.1,"top"
"SL-blue","Z021E0161",21,13.4,"top"
"SL-blue","Z021E0059",21,14.2,"top"
"SL-blue","Z022E0193",22,6.121,"bottom"
"SL-blue","Z022E0101",22,6.604,"bottom"
"SL-blue","Z022E0083",22,6.685,"bottom"
"SL-blue","Z022E0049",22,6.753,"bottom"
"SL-blue","Z022E0149",22,10.57,"top"
"SL-blue","Z022E0078",22,10.58,"top"
"SL-blue","Z022E0194",22,10.9,"top"
"SL-blue","Z022E0138",22,11.62,"top"
"SL-blue","Z024E0167",24,2.992,"bottom"
"SL-blue","Z024E0125",24,4.177,"bottom"
"SL-blue","Z024E0133",24,4.186,"bottom"
"SL-blue","Z024E0070",24,4.19,"bottom"
"SL-blue","Z024E0077",24,4.643,"bottom"
"SL-blue","Z024E0110",24,4.643,"bottom"
"SL-blue","Z024E0168",24,4.845,"bottom"
"SL-blue","Z024E0095",24,4.968,"bottom"
"SL-blue","Z024E0028",24,5.186,"bottom"
"SL-blue","Z024E0029",24,5.218,"bottom"
"SL-blue","Z024E0200",24,5.218,"bottom"
"SL-blue","Z024E0030",24,5.307,"bottom"
"SL-blue","Z024E0114",24,5.308,"bottom"
"SL-blue","Z024E0161",24,5.348,"bottom"
"SL-blue","Z024E0086",24,5.5,"bottom"
"SL-blue","Z024E0156",24,5.5,"bottom"
"SL-blue","Z024E0084",24,11.13,"top"
"SL-blue","Z024E0135",24,11.19,"top"
"SL-blue","Z024E0011",24,11.57,"top"
"SL-blue","Z024E0157",24,11.59,"top"
"SL-blue","Z024E0107",24,11.67,"top"
"SL-blue","Z024E0031",24,11.95,"top"
"SL-blue","Z024E0079",24,12.23,"top"
"SL-blue","Z024E0060",24,12.37,"top"
"SL-blue","Z024E0126",24,12.64,"top"
"SL-blue","Z024E0080",24,12.68,"top"
"SL-blue","Z024E0072",24,13.01,"top"
"SL-blue","Z024E0020",24,13.07,"top"
"SL-blue","Z024E0129",24,13.96,"top"
"SL-blue","Z024E0096",24,14.09,"top"
"SL-blue","Z024E0189",24,15.84,"top"
"SL-blue","Z025E0128",25,5.578,"bottom"
"SL-blue","Z025E0058",25,6.221,"bottom"
"SL-blue","Z025E0034",25,6.863,"bottom"
"SL-blue","Z025E0015",25,7.219,"bottom"
"SL-blue","Z025E0156",25,10.44,"top"
"SL-blue","Z025E0193",25,10.9,"top"
"SL-blue","Z025E0153",25,11.37,"top"
"SL-blue","Z025E0152",25,11.78,"top"
"SL-blue","Z026E0137",26,5.068,"bottom"
"SL-blue","Z026E0059",26,5.322,"bottom"
"SL-blue","Z026E0172",26,6.552,"bottom"
"SL-blue","Z026E0034",26,6.832,"bottom"
"SL-blue","Z026E0085",26,10.54,"top"
"SL-blue","Z026E0102",26,11.21,"top"
"SL-blue","Z026E0123",26,11.4,"top"
"KRN-blue","Z001E0040",1,9.505,"bottom"
"KRN-blue","Z001E0185",1,9.505,"bottom"
"KRN-blue","Z001E0158",1,9.601,"bottom"
"KRN-blue","Z001E0091",1,10.1,"bottom"
"KRN-blue","Z001E0119",1,10.1,"bottom"
"KRN-blue","Z001E0067",1,10.35,"bottom"
"KRN-blue","Z001E0157",1,10.6,"bottom"
"KRN-blue","Z001E0016",1,11.1,"bottom"
"KRN-blue","Z001E0049",1,11.1,"bottom"
"KRN-blue","Z001E0068",1,11.1,"bottom"
"KRN-blue","Z001E0099",1,11.1,"bottom"
"KRN-blue","Z001E0136",1,11.1,"bottom"
"KRN-blue","Z001E0152",1,11.1,"bottom"
"KRN-blue","Z001E0165",1,11.1,"bottom"
"KRN-blue","Z001E0030",1,11.35,"bottom"
"KRN-blue","Z001E0070",1,11.35,"bottom"
"KRN-blue","Z001E0110",1,11.35,"bottom"
"KRN-blue","Z001E0141",1,11.35,"bottom"
"KRN-blue","Z001E0001",1,11.5,"bottom"
"KRN-blue","Z001E0153",1,11.5,"bottom"
"KRN-blue","Z001E0014",1,16.6,"top"
"KRN-blue","Z001E0015",1,16.6,"top"
"KRN-blue","Z001E0041",1,16.6,"top"
"KRN-blue","Z001E0079",1,16.6,"top"
"KRN-blue","Z001E0087",1,16.6,"top"
"KRN-blue","Z001E0127",1,16.6,"top"
"KRN-blue","Z001E0156",1,16.6,"top"
"KRN-blue","Z001E0177",1,16.6,"top"
"KRN-blue","Z001E0187",1,16.6,"top"
"KRN-blue","Z001ESBreplace1",1,16.6,"top"
"KRN-blue","Z001E0045",1,17.1,"top"
"KRN-blue","Z001E0055",1,17.1,"top"
"KRN-blue","Z001E0174",1,17.1,"top"
"KRN-blue","Z001E0008",1,17.6,"top"
"KRN-blue","Z001E0048",1,17.6,"top"
"KRN-blue","Z001E0072",1,17.6,"top"
"KRN-blue","Z001E0192",1,17.6,"top"
"KRN-blue","Z001E0126",1,18.6,"top"
"KRN-blue","Z001E0149",1,20.1,"top"
"KRN-blue","Z002E0187",2,7.219,"bottom"
"KRN-blue","Z002E0123",2,9.784,"bottom"
"KRN-blue","Z002E0032",2,10.78,"bottom"
"KRN-blue","Z002E0087",2,11.01,"bottom"
"KRN-blue","Z002E0062",2,11.03,"bottom"
"KRN-blue","Z002E0091",2,11.18,"bottom"
"KRN-blue","Z002E0112",2,11.18,"bottom"
"KRN-blue","Z002E0151",2,11.18,"bottom"
"KRN-blue","Z002E0006",2,11.2,"bottom"
"KRN-blue","Z002E0003",2,11.22,"bottom"
"KRN-blue","Z002E0039",2,11.57,"bottom"
"KRN-blue","Z002E0031",2,11.64,"bottom"
"KRN-blue","Z002E0133",2,11.64,"bottom"
"KRN-blue","Z002E0071",2,11.79,"bottom"
"KRN-blue","Z002E0077",2,11.79,"bottom"
"KRN-blue","Z002E0016",2,11.8,"bottom"
"KRN-blue","Z002E0194",2,11.8,"bottom"
"KRN-blue","Z002E0015",2,11.86,"bottom"
"KRN-blue","Z002E0004",2,11.93,"bottom"
"KRN-blue","Z002E0109",2,11.93,"bottom"
"KRN-blue","Z002E0086",2,17.12,"top"
"KRN-blue","Z002E0185",2,17.12,"top"
"KRN-blue","Z002E0035",2,17.18,"top"
"KRN-blue","Z002E0063",2,17.22,"top"
"KRN-blue","Z002E0065",2,17.22,"top"
"KRN-blue","Z002E0191",2,17.22,"top"
"KRN-blue","Z002E0056",2,17.7,"top"
"KRN-blue","Z002E0044",2,17.79,"top"
"KRN-blue","Z002E0189",2,17.8,"top"
"KRN-blue","Z002E0028",2,18.03,"top"
"KRN-blue","Z002E0034",2,18.03,"top"
"KRN-blue","Z002E0198",2,18.03,"top"
"KRN-blue","Z002E0125",2,18.12,"top"
"KRN-blue","Z002E0040",2,18.8,"top"
"KRN-blue","Z002E0153",2,19.18,"top"
"KRN-blue","Z002E0143",2,19.64,"top"
"KRN-blue","Z002E0048",2,19.96,"top"
"KRN-blue","Z002E0129",2,19.96,"top"
"KRN-blue","Z002E0108",2,20.12,"top"
"KRN-blue","Z003E0166",3,10.57,"bottom"
"KRN-blue","Z003E0038",3,10.82,"bottom"
"KRN-blue","Z003E0049",3,10.82,"bottom"
"KRN-blue","Z003E0072",3,10.82,"bottom"
"KRN-blue","Z003E0172",3,15.57,"top"
"KRN-blue","Z003E0052",3,16.57,"top"
"KRN-blue","Z003E0091",3,16.57,"top"
"KRN-blue","Z004E0176",4,9.207,"bottom"
"KRN-blue","Z004E0157",4,10.67,"bottom"
"KRN-blue","Z004E0080",4,10.83,"bottom"
"KRN-blue","Z004E0016",4,10.99,"bottom"
"KRN-blue","Z004E0089",4,11.21,"bottom"
"KRN-blue","Z004E0057",4,11.39,"bottom"
"KRN-blue","Z004E0076",4,11.47,"bottom"
"KRN-blue","Z004E0166",4,11.67,"bottom"
"KRN-blue","Z004E0025",4,12,"bottom"
"KRN-blue","Z004E0011",4,12.21,"bottom"
"KRN-blue","Z004E0104",4,12.21,"bottom"
"KRN-blue","Z004E0172",4,12.39,"bottom"
"KRN-blue","Z004E0092",4,12.47,"bottom"
"KRN-blue","Z004E0200",4,12.47,"bottom"
"KRN-blue","Z004E0133",4,12.54,"bottom"
"KRN-blue","Z004E0150",4,12.54,"bottom"
"KRN-blue","Z004E0164",4,12.54,"bottom"
"KRN-blue","Z004E0037",4,12.63,"bottom"
"KRN-blue","Z004E0059",4,12.63,"bottom"
"KRN-blue","Z004E0054",4,17.63,"top"
"KRN-blue","Z004E0153",4,17.63,"top"
"KRN-blue","Z004E0162",4,17.63,"top"
"KRN-blue","Z004E0045",4,17.96,"top"
"KRN-blue","Z004E0181",4,17.98,"top"
"KRN-blue","Z004E0041",4,18.05,"top"
"KRN-blue","Z004E0100",4,18.05,"top"
"KRN-blue","Z004E0208",4,18.05,"top"
"KRN-blue","Z004E0048",4,18.17,"top"
"KRN-blue","Z004E0190",4,18.17,"top"
"KRN-blue","Z004E0131",4,18.54,"top"
"KRN-blue","Z004E0199",4,18.54,"top"
"KRN-blue","Z004E0047",4,18.67,"top"
"KRN-blue","Z004E0193",4,18.67,"top"
"KRN-blue","Z004E0020",4,19.05,"top"
"KRN-blue","Z004E0004",4,19.29,"top"
"KRN-blue","Z004E0067",4,20.47,"top"
"KRN-blue","Z004E0022",4,20.54,"top"
"KRN-blue","Z005E0139",5,10.29,"bottom"
"KRN-blue","Z005E0019",5,10.47,"bottom"
"KRN-blue","Z005E0167",5,11.29,"bottom"
"KRN-blue","Z005E0210",5,11.29,"bottom"
"KRN-blue","Z005E0174",5,16.29,"top"
"KRN-blue","Z005E0184",5,16.29,"top"
"KRN-blue","Z005E0162",5,17.29,"top"
"KRN-blue","Z005E0171",5,17.29,"top"
"KRN-blue","Z006E0066",6,9.693,"bottom"
"KRN-blue","Z006E0177",6,10.69,"bottom"
"KRN-blue","Z006E0028",6,11.69,"bottom"
"KRN-blue","Z006E0196",6,11.69,"bottom"
"KRN-blue","Z006E0159",6,16.59,"top"
"KRN-blue","Z006E0124",6,16.69,"top"
"KRN-blue","Z006E0103",6,17.59,"top"
"KRN-blue","Z007E0079",7,10.05,"bottom"
"KRN-blue","Z007E0111",7,11.05,"bottom"
"KRN-blue","Z007E0155",7,11.05,"bottom"
"KRN-blue","Z007E0189",7,11.05,"bottom"
"KRN-blue","Z007E0195",7,16.55,"top"
"KRN-blue","Z007E0008",7,17.05,"top"
"KRN-blue","Z007E0175",7,17.05,"top"
"KRN-blue","Z008E0171",8,7.102,"bottom"
"KRN-blue","Z008E0140",8,8.939,"bottom"
"KRN-blue","Z008E0065",8,9.601,"bottom"
"KRN-blue","Z008E0118",8,9.601,"bottom"
"KRN-blue","Z008E0055",8,9.852,"bottom"
"KRN-blue","Z008E0071",8,9.852,"bottom"
"KRN-blue","Z008E0080",8,9.852,"bottom"
"KRN-blue","Z008E0083",8,9.852,"bottom"
"KRN-blue","Z008E0031",8,10.1,"bottom"
"KRN-blue","Z008E0077",8,10.1,"bottom"
"KRN-blue","Z008E0177",8,10.1,"bottom"
"KRN-blue","Z008E0010",8,10.35,"bottom"
"KRN-blue","Z008E0050",8,10.35,"bottom"
"KRN-blue","Z008E0059",8,10.35,"bottom"
"KRN-blue","Z008E0167",8,10.35,"bottom"
"KRN-blue","Z008E0148",8,10.6,"bottom"
"KRN-blue","Z008E0186",8,10.6,"bottom"
"KRN-blue","Z008E0017",8,10.71,"bottom"
"KRN-blue","Z008E0111",8,10.71,"bottom"
"KRN-blue","Z008E0049",8,10.85,"bottom"
"KRN-blue","Z008E0150",8,16.1,"top"
"KRN-blue","Z008E0178",8,16.1,"top"
"KRN-blue","Z008E0069",8,16.35,"top"
"KRN-blue","Z008E0145",8,16.35,"top"
"KRN-blue","Z008E0006",8,16.6,"top"
"KRN-blue","Z008E0038",8,16.6,"top"
"KRN-blue","Z008E0199",8,16.71,"top"
"KRN-blue","Z008E0041",8,16.94,"top"
"KRN-blue","Z008E0047",8,16.94,"top"
"KRN-blue","Z008E0061",8,16.94,"top"
"KRN-blue","Z008E0058",8,17.1,"top"
"KRN-blue","Z008E0091",8,17.1,"top"
"KRN-blue","Z008E0160",8,17.1,"top"
"KRN-blue","Z008E0173",8,17.6,"top"
"KRN-blue","Z008E0187",8,17.71,"top"
"KRN-blue","Z008E0005",8,17.85,"top"
"KRN-blue","Z008E0020",8,18.1,"top"
"KRN-blue","Z008E0026",8,18.94,"top"
"KRN-blue","Z008E0108",8,19.35,"top"
"KRN-blue","Z009E0083",9,7.762,"bottom"
"KRN-blue","Z009E0090",9,8.966,"bottom"
"KRN-blue","Z009E0185",9,9.966,"bottom"
"KRN-blue","Z009E0130",9,10.14,"bottom"
"KRN-blue","Z009E0071",9,10.46,"bottom"
"KRN-blue","Z009E0102",9,10.55,"bottom"
"KRN-blue","Z009E0158",9,10.55,"bottom"
"KRN-blue","Z009E0005",9,10.6,"bottom"
"KRN-blue","Z009E0065",9,10.67,"bottom"
"KRN-blue","Z009E0068",9,10.84,"bottom"
"KRN-blue","Z009E0086",9,10.86,"bottom"
"KRN-blue","Z009E0085",9,10.96,"bottom"
"KRN-blue","Z009E0106",9,10.96,"bottom"
"KRN-blue","Z009E0037",9,10.97,"bottom"
"KRN-blue","Z009E0064",9,10.97,"bottom"
"KRN-blue","Z009E0080",9,10.97,"bottom"
"KRN-blue","Z009E0200",9,10.97,"bottom"
"KRN-blue","Z009E0112",9,11.05,"bottom"
"KRN-blue","Z009E0058",9,11.07,"bottom"
"KRN-blue","Z009E0154",9,15.37,"top"
"KRN-blue","Z009E0001",9,15.4,"top"
"KRN-blue","Z009E0135",9,15.46,"top"
"KRN-blue","Z009E0052",9,15.48,"top"
"KRN-blue","Z009E0173",9,15.67,"top"
"KRN-blue","Z009E0066",9,15.84,"top"
"KRN-blue","Z009E0164",9,15.84,"top"
"KRN-blue","Z009E0014",9,15.86,"top"
"KRN-blue","Z009E0049",9,16.28,"top"
"KRN-blue","Z009E0193",9,16.29,"top"
"KRN-blue","Z009E0176",9,16.37,"top"
"KRN-blue","Z009E0107",9,16.76,"top"
"KRN-blue","Z009E0140",9,17.67,"top"
"KRN-blue","Z009E0039",9,17.76,"top"
"KRN-blue","Z009E0183",9,17.76,"top"
"KRN-blue","Z009E0187",9,18.05,"top"
"KRN-blue","Z009E0179",9,18.29,"top"
"KRN-blue","Z009E0184",9,19.05,"top"
"KRN-blue","Z010E0057",10,9.367,"bottom"
"KRN-blue","Z010E0214",10,9.367,"bottom"
"KRN-blue","Z010E0110",10,9.433,"bottom"
"KRN-blue","Z010E0195",10,9.618,"bottom"
"KRN-blue","Z010E0043",10,9.723,"bottom"
"KRN-blue","Z010E0108",10,10.12,"bottom"
"KRN-blue","Z010E0100",10,10.37,"bottom"
"KRN-blue","Z010E0121",10,10.37,"bottom"
"KRN-blue","Z010E0136",10,10.43,"bottom"
"KRN-blue","Z010E0033",10,10.66,"bottom"
"KRN-blue","Z010E0109",10,10.66,"bottom"
"KRN-blue","Z010E0003",10,10.71,"bottom"
"KRN-blue","Z010E0179",10,10.72,"bottom"
"KRN-blue","Z010E0009",10,11.12,"bottom"
"KRN-blue","Z010E0111",10,15.66,"top"
"KRN-blue","Z010E0139",10,15.66,"top"
"KRN-blue","Z010E0018",10,15.71,"top"
"KRN-blue","Z010E0125",10,15.71,"top"
"KRN-blue","Z010E0151",10,15.71,"top"
"KRN-blue","Z010E0020",10,15.72,"top"
"KRN-blue","Z010E0072",10,15.72,"top"
"KRN-blue","Z010E0200",10,15.72,"top"
"KRN-blue","Z010E0047",10,16.12,"top"
"KRN-blue","Z010E0102",10,16.12,"top"
"KRN-blue","Z010E0146",10,17.37,"top"
"KRN-blue","Z010E0094",10,17.66,"top"
"KRN-blue","Z010E0061",10,19.62,"top"
"KRN-blue","Z011E0157",11,10.12,"bottom"
"KRN-blue","Z011E0009",11,10.42,"bottom"
"KRN-blue","Z011E0061",11,10.59,"bottom"
"KRN-blue","Z011E0029",11,10.61,"bottom"
"KRN-blue","Z011E0020",11,10.84,"bottom"
"KRN-blue","Z011E0034",11,10.84,"bottom"
"KRN-blue","Z011E0109",11,10.84,"bottom"
"KRN-blue","Z011E0043",11,10.92,"bottom"
"KRN-blue","Z011E0128",11,10.92,"bottom"
"KRN-blue","Z011E0130",11,11.09,"bottom"
"KRN-blue","Z011E0063",11,11.23,"bottom"
"KRN-blue","Z011E0082",11,11.32,"bottom"
"KRN-blue","Z011E0018",11,11.42,"bottom"
"KRN-blue","Z011E0085",11,11.42,"bottom"
"KRN-blue","Z011E0185",11,11.42,"bottom"
"KRN-blue","Z011E0196",11,11.56,"bottom"
"KRN-blue","Z011E0150",11,11.67,"bottom"
"KRN-blue","Z011E0024",11,11.69,"bottom"
"KRN-blue","Z011E0112",11,11.71,"bottom"
"KRN-blue","Z011E0037",11,15.27,"top"
"KRN-blue","Z011E0042",11,15.29,"top"
"KRN-blue","Z011E0149",11,15.51,"top"
"KRN-blue","Z011E0072",11,15.56,"top"
"KRN-blue","Z011E0190",11,15.59,"top"
"KRN-blue","Z011E0067",11,15.61,"top"
"KRN-blue","Z011E0090",11,15.62,"top"
"KRN-blue","Z011E0111",11,15.8,"top"
"KRN-blue","Z011E0108",11,15.81,"top"
"KRN-blue","Z011E0180",11,15.82,"top"
"KRN-blue","Z011E0116",11,15.93,"top"
"KRN-blue","Z011E0069",11,16,"top"
"KRN-blue","Z011E0003",11,16.17,"top"
"KRN-blue","Z011E0083",11,16.21,"top"
"KRN-blue","Z011E0052",11,16.49,"top"
"KRN-blue","Z011E0193",11,16.62,"top"
"KRN-blue","Z011E0194",11,16.77,"top"
"KRN-blue","Z011E0048",11,21.8,"top"
"KRN-blue","Z012E0182",12,9.664,"bottom"
"KRN-blue","Z012E0166",12,10.29,"bottom"
"KRN-blue","Z012E0145",12,10.66,"bottom"
"KRN-blue","Z012E0151",12,10.66,"bottom"
"KRN-blue","Z012E0056",12,10.89,"bottom"
"KRN-blue","Z012E0080",12,11.23,"bottom"
"KRN-blue","Z012E0152",12,11.26,"bottom"
"KRN-blue","Z012E0012",12,11.29,"bottom"
"KRN-blue","Z012E0049",12,11.32,"bottom"
"KRN-blue","Z012E0071",12,11.32,"bottom"
"KRN-blue","Z012E0098",12,11.32,"bottom"
"KRN-blue","Z012E0124",12,11.32,"bottom"
"KRN-blue","Z012E0004",12,11.66,"bottom"
"KRN-blue","Z012E0067",12,11.66,"bottom"
"KRN-blue","Z012E0106",12,11.66,"bottom"
"KRN-blue","Z012E0159",12,11.83,"bottom"
"KRN-blue","Z012E0025",12,11.84,"bottom"
"KRN-blue","Z012E0009",12,11.89,"bottom"
"KRN-blue","Z012E0023",12,11.89,"bottom"
"KRN-blue","Z012E0029",12,11.89,"bottom"
"KRN-blue","Z012E0183",12,16.29,"top"
"KRN-blue","Z012E0194",12,16.29,"top"
"KRN-blue","Z012E0111",12,16.32,"top"
"KRN-blue","Z012E0095",12,16.66,"top"
"KRN-blue","Z012E0197",12,16.75,"top"
"KRN-blue","Z012E0191",12,17.19,"top"
"KRN-blue","Z012E0013",12,17.29,"top"
"KRN-blue","Z012E0050",12,17.3,"top"
"KRN-blue","Z012E0126",12,17.49,"top"
"KRN-blue","Z012E0083",12,17.62,"top"
"KRN-blue","Z012E0003",12,17.89,"top"
"KRN-blue","Z012E0134",12,17.89,"top"
"KRN-blue","Z012E0091",12,18.04,"top"
"KRN-blue","Z012E0107",12,18.04,"top"
"KRN-blue","Z012E0075",12,18.29,"top"
"KRN-blue","Z012E0005",12,18.3,"top"
"KRN-blue","Z012E0176",12,18.83,"top"
"KRN-blue","Z012E0142",12,19.02,"top"
"KRN-blue","Z012E0054",12,19.26,"top"
"KRN-blue","Z013E0078",13,10.82,"bottom"
"KRN-blue","Z013ESBreplace44",13,10.82,"bottom"
"KRN-blue","Z013E0069",13,11.07,"bottom"
"KRN-blue","Z013E0095",13,11.07,"bottom"
"KRN-blue","Z013E0093",13,14.82,"top"
"KRN-blue","Z013E0011",13,15.07,"top"
"KRN-blue","Z013E0085",13,15.82,"top"
"KRN-blue","Z015E0110",15,8.235,"bottom"
"KRN-blue","Z015E0037",15,8.486,"bottom"
"KRN-blue","Z015E0127",15,8.985,"bottom"
"KRN-blue","Z015E0034",15,9.235,"bottom"
"KRN-blue","Z015E0163",15,9.734,"bottom"
"KRN-blue","Z015E0036",15,9.985,"bottom"
"KRN-blue","Z015E0114",15,9.985,"bottom"
"KRN-blue","Z015E0081",15,10.24,"bottom"
"KRN-blue","Z015E0094",15,10.24,"bottom"
"KRN-blue","Z015E0135",15,10.24,"bottom"
"KRN-blue","Z015E0066",15,10.49,"bottom"
"KRN-blue","Z015E0148",15,10.73,"bottom"
"KRN-blue","Z015E0170",15,10.73,"bottom"
"KRN-blue","Z015E0196",15,10.73,"bottom"
"KRN-blue","Z015E0055",15,10.98,"bottom"
"KRN-blue","Z015E0155",15,10.98,"bottom"
"KRN-blue","Z015E0158",15,10.98,"bottom"
"KRN-blue","Z015E0004",15,11.24,"bottom"
"KRN-blue","Z015E0052",15,11.24,"bottom"
"KRN-blue","Z015E0071",15,11.24,"bottom"
"KRN-blue","Z015E0076",15,15.49,"top"
"KRN-blue","Z015E0096",15,15.49,"top"
"KRN-blue","Z015E0164",15,15.49,"top"
"KRN-blue","Z015E0082",15,15.73,"top"
"KRN-blue","Z015E0113",15,15.82,"top"
"KRN-blue","Z015E0014",15,15.98,"top"
"KRN-blue","Z015E0077",15,15.98,"top"
"KRN-blue","Z015E0175",15,15.98,"top"
"KRN-blue","Z015E0009",15,16.24,"top"
"KRN-blue","Z015E0011",15,16.24,"top"
"KRN-blue","Z015E0019",15,16.24,"top"
"KRN-blue","Z015E0044",15,16.24,"top"
"KRN-blue","Z015E0092",15,16.24,"top"
"KRN-blue","Z015E0151",15,16.24,"top"
"KRN-blue","Z015E0035",15,16.49,"top"
"KRN-blue","Z015E0185",15,16.49,"top"
"KRN-blue","Z015E0203",15,16.98,"top"
"KRN-blue","Z015E0021",15,17.24,"top"
"KRN-blue","Z015E0029",15,18.98,"top"
"KRN-blue","Z016E0180",16,3.469,"bottom"
"KRN-blue","Z016E0107",16,8.313,"bottom"
"KRN-blue","Z016E0084",16,9.699,"bottom"
"KRN-blue","Z016E0121",16,9.996,"bottom"
"KRN-blue","Z016E0157",16,9.996,"bottom"
"KRN-blue","Z016E0160",16,10.57,"bottom"
"KRN-blue","Z016E0118",16,10.61,"bottom"
"KRN-blue","Z016E0106",16,10.66,"bottom"
"KRN-blue","Z016E0188",16,11,"bottom"
"KRN-blue","Z016E0082",16,11.43,"bottom"
"KRN-blue","Z016E0122",16,11.47,"bottom"
"KRN-blue","Z016E0134",16,11.5,"bottom"
"KRN-blue","Z016E0066",16,11.55,"bottom"
"KRN-blue","Z016E0142",16,11.57,"bottom"
"KRN-blue","Z016E0039",16,11.66,"bottom"
"KRN-blue","Z016E0062",16,11.66,"bottom"
"KRN-blue","Z016E0056",16,11.7,"bottom"
"KRN-blue","Z016E0161",16,16.35,"top"
"KRN-blue","Z016E0198",16,16.35,"top"
"KRN-blue","Z016E0031",16,16.57,"top"
"KRN-blue","Z016E0168",16,16.7,"top"
"KRN-blue","Z016E0139",16,16.94,"top"
"KRN-blue","Z016E0162",16,16.94,"top"
"KRN-blue","Z016E0074",16,17,"top"
"KRN-blue","Z016E0152",16,17.11,"top"
"KRN-blue","Z016E0132",16,17.13,"top"
"KRN-blue","Z016E0138",16,17.14,"top"
"KRN-blue","Z016E0091",16,17.31,"top"
"KRN-blue","Z016E0078",16,17.66,"top"
"KRN-blue","Z016E0147",16,17.66,"top"
"KRN-blue","Z016E0027",16,17.94,"top"
"KRN-blue","Z016E0083",16,18,"top"
"KRN-blue","Z016E0131",16,18.31,"top"
"KRN-blue","Z018E0007",18,10.02,"bottom"
"KRN-blue","Z018E0074",18,10.75,"bottom"
"KRN-blue","Z018E0198",18,10.75,"bottom"
"KRN-blue","Z018E0166",18,11.16,"bottom"
"KRN-blue","Z018E0029",18,11.4,"bottom"
"KRN-blue","Z018E0057",18,11.59,"bottom"
"KRN-blue","Z018E0089",18,11.59,"bottom"
"KRN-blue","Z018E0170",18,11.59,"bottom"
"KRN-blue","Z018E0053",18,11.75,"bottom"
"KRN-blue","Z018E0079",18,11.9,"bottom"
"KRN-blue","Z018E0121",18,11.91,"bottom"
"KRN-blue","Z018E0031",18,11.94,"bottom"
"KRN-blue","Z018E0063",18,12.02,"bottom"
"KRN-blue","Z018E0174",18,12.04,"bottom"
"KRN-blue","Z018E0061",18,12.399999999999999,"bottom"
"KRN-blue","Z018E0122",18,12.53,"bottom"
"KRN-blue","Z018E0124",18,12.59,"bottom"
"KRN-blue","Z018E0171",18,12.59,"bottom"
"KRN-blue","Z018E0176",18,17.4,"top"
"KRN-blue","Z018E0027",18,17.59,"top"
"KRN-blue","Z018E0082",18,17.59,"top"
"KRN-blue","Z018E0197",18,17.59,"top"
"KRN-blue","Z018E0172",18,17.64,"top"
"KRN-blue","Z018E0164",18,17.75,"top"
"KRN-blue","Z018E0112",18,17.9,"top"
"KRN-blue","Z018E0120",18,17.91,"top"
"KRN-blue","Z018E0136",18,18.02,"top"
"KRN-blue","Z018E0038",18,18.59,"top"
"KRN-blue","Z018E0163",18,18.59,"top"
"KRN-blue","Z018E0065",18,18.75,"top"
"KRN-blue","Z018E0018",18,18.9,"top"
"KRN-blue","Z018E0039",18,18.9,"top"
"KRN-blue","Z018E0173",18,18.91,"top"
"KRN-blue","Z018E0111",18,19.09,"top"
"KRN-blue","Z018E0078",18,19.32,"top"
"KRN-blue","Z019E0105",19,11.71,"bottom"
"KRN-blue","Z019E0168",19,12.71,"bottom"
"KRN-blue","Z019E0176",19,12.71,"bottom"
"KRN-blue","Z019E0178",19,12.71,"bottom"
"KRN-blue","Z019E0197",19,17.71,"top"
"KRN-blue","Z019E0187",19,18.71,"top"
"KRN-blue","Z019E0069",19,19.71,"top"
"KRN-blue","Z019E0138",19,19.71,"top"
"KRN-blue","Z021E0009",21,9.447,"bottom"
"KRN-blue","Z021E0027",21,10.2,"bottom"
"KRN-blue","Z021E0140",21,10.2,"bottom"
"KRN-blue","Z021E0151",21,10.45,"bottom"
"KRN-blue","Z021E0007",21,10.7,"bottom"
"KRN-blue","Z021E0120",21,10.7,"bottom"
"KRN-blue","Z021E0166",21,10.7,"bottom"
"KRN-blue","Z021E0045",21,10.95,"bottom"
"KRN-blue","Z021E0035",21,11.2,"bottom"
"KRN-blue","Z021E0042",21,11.2,"bottom"
"KRN-blue","Z021E0102",21,11.2,"bottom"
"KRN-blue","Z021E0015",21,11.45,"bottom"
"KRN-blue","Z021E0019",21,11.45,"bottom"
"KRN-blue","Z021E0033",21,11.45,"bottom"
"KRN-blue","Z021E0050",21,11.45,"bottom"
"KRN-blue","Z021E0109",21,11.45,"bottom"
"KRN-blue","Z021E0163",21,11.45,"bottom"
"KRN-blue","Z021E0005",21,11.7,"bottom"
"KRN-blue","Z021E0017",21,11.7,"bottom"
"KRN-blue","Z021E0051",21,11.7,"bottom"
"KRN-blue","Z021E0205",21,16.45,"top"
"KRN-blue","Z021E0028",21,16.7,"top"
"KRN-blue","Z021E0060",21,16.7,"top"
"KRN-blue","Z021E0093",21,16.7,"top"
"KRN-blue","Z021E0115",21,16.7,"top"
"KRN-blue","Z021E0144",21,16.7,"top"
"KRN-blue","Z021E0150",21,16.7,"top"
"KRN-blue","Z021E0155",21,16.7,"top"
"KRN-blue","Z021E0023",21,16.95,"top"
"KRN-blue","Z021E0063",21,17.45,"top"
"KRN-blue","Z021E0008",21,17.7,"top"
"KRN-blue","Z021E0061",21,17.7,"top"
"KRN-blue","Z021E0133",21,17.7,"top"
"KRN-blue","Z021E0235",21,17.7,"top"
"KRN-blue","Z021E0170",21,17.95,"top"
"KRN-blue","Z021E0194",21,17.95,"top"
"KRN-blue","Z021E0098",21,18.7,"top"
"KRN-blue","Z021E0118",21,18.7,"top"
"KRN-blue","Z021E0190",21,22.2,"top"
"KRN-blue","Z022E0043",22,11.38,"bottom"
"KRN-blue","Z022E0061",22,11.38,"bottom"
"KRN-blue","Z022E0147",22,11.38,"bottom"
"KRN-blue","Z022E0069",22,12.38,"bottom"
"KRN-blue","Z022E0077",22,17.38,"top"
"KRN-blue","Z022E0186",22,18.38,"top"
"KRN-blue","Z022E0030",22,20.38,"top"
"KRN-blue","Z024E0123",24,8.14,"bottom"
"KRN-blue","Z024E0139",24,9.14,"bottom"
"KRN-blue","Z024E0200",24,9.964,"bottom"
"KRN-blue","Z024E0043",24,10.67,"bottom"
"KRN-blue","Z024E0050",24,10.96,"bottom"
"KRN-blue","Z024E0087",24,11.1,"bottom"
"KRN-blue","Z024E0056",24,11.39,"bottom"
"KRN-blue","Z024E0093",24,11.41,"bottom"
"KRN-blue","Z024E0146",24,11.46,"bottom"
"KRN-blue","Z024E0023",24,11.48,"bottom"
"KRN-blue","Z024E0033",24,11.48,"bottom"
"KRN-blue","Z024E0047",24,11.48,"bottom"
"KRN-blue","Z024E0092",24,11.48,"bottom"
"KRN-blue","Z024E0042",24,11.56,"bottom"
"KRN-blue","Z024E0086",24,11.56,"bottom"
"KRN-blue","Z024E0168",24,16.56,"top"
"KRN-blue","Z024E0183",24,16.56,"top"
"KRN-blue","Z024E0009",24,16.57,"top"
"KRN-blue","Z024E0119",24,16.57,"top"
"KRN-blue","Z024E0129",24,16.57,"top"
"KRN-blue","Z024E0165",24,16.57,"top"
"KRN-blue","Z024E0049",24,16.67,"top"
"KRN-blue","Z024E0116",24,16.67,"top"
"KRN-blue","Z024E0060",24,17.03,"top"
"KRN-blue","Z024E0105",24,17.24,"top"
"KRN-blue","Z024E0118",24,17.48,"top"
"KRN-blue","Z024E0090",24,17.57,"top"
"KRN-blue","Z024E0027",24,18.67,"top"
"KRN-blue","Z024E0044",24,19.48,"top"
"KRN-blue","Z025E0058",25,9.923,"bottom"
"KRN-blue","Z025E0027",25,10.92,"bottom"
"KRN-blue","Z025E0119",25,10.92,"bottom"
"KRN-blue","Z025E0104",25,11.17,"bottom"
"KRN-blue","Z025E0131",25,16.17,"top"
"KRN-blue","Z025E0166",25,16.17,"top"
"KRN-blue","Z025E0024",25,16.92,"top"
"KRN-blue","Z025E0184",25,17.17,"top"
"KRN-blue","Z026E0085",26,9.38,"bottom"
"KRN-blue","Z026E0123",26,10.38,"bottom"
"KRN-blue","Z026E0152",26,10.71,"bottom"
"KRN-blue","Z026E0084",26,11.38,"bottom"
"KRN-blue","Z026E0035",26,17.38,"top"
"KRN-blue","Z026E0171",26,17.38,"top"
"KRN-blue","Z026E0184",26,19.38,"top"
